Inventory Size Key,Item Description,Size Description,Size Description 2,Size Description 3,Unit Cost
7173,!! IT ASSEMBLY (LD),CF 140L,,,34.76
22678,LIGHT GUIDE CONNECTOR,Flat Connector Board - CYF-V / V2 / VA2 / ENF-V2,ENF-VT2 / URF-V,,1095.00
18423,Phoenix Products,"10' (3.0M) MONOPOLAR CORD, VALLEYLAB STYLE GENERATOR TO A STANDARD SCREW-O",TSI-145005,,20.39
21989,Phoenix Products,"3K ROUND KNIFE HANDLE, BEAVER-TYPE, ROUND KNURLED HANDLE",TSI-656-713105,"MINI BLADES (series 50,60,70); 4 in (102 mm)",18.00
18427,Phoenix Products,ADAIR -ALLIS TISS FCP 9 X 10,TSI-105-59610,,0.00
18437,Phoenix Products,ADSON CEREBELLAR RETRACTOR,TSI-79-71357,4 x4; Angled; 7 1/2 in (190 mm),46.57
18438,Phoenix Products,"ADSON CEREBELLAR RETRACTOR 4X4 SHARP 7 1/2""",TSI-79-71356,,43.36
18445,Phoenix Products,ADSON DISSECTING HOOK BLUNT,TSI-813-65116,,17.80
18446,Phoenix Products,ADSON DISSECTING HOOK SHARP,TSI-813-65115,,41.33
18449,Phoenix Products,ADSON DRESSING FORCEP,TSI-511-7567,Standard pattern; Serrated; 4 3/4 in (121 mm),4.05
18451,Phoenix Products,ADSON DRESSING FORCEPS,TSI-85-661310,Standard; 1.2 mm; 4 3/4 in (121 mm),8.75
18452,Phoenix Products,"ADSON DURA & NERVE HOOK BLUNT 8""",TSI-75-71278,"Blunt, 3mm Tip; 8 in (200 mm)",19.75
18463,Phoenix Products,ADSON RETRACTOR 3 X 3 SHARP,TSI-105-68117,,149.64
18466,Phoenix Products,ADSON SUCTION TUBE CURVED,TSI-125-66911,,17.10
22378,Phoenix Products,ADSON THUMB FORCEP,TSI-87-10510,"TC, Dressing, Smooth Platform, Delicate; 4 3/4 in (121 mm)",50.85
18470,Phoenix Products,ADSON TISSUE FORCEP,TSI-511-7667,1x2 teeth; 4 3/4 IN (121 mm),4.35
18471,Phoenix Products,ADSON TISSUE FORCEP,TSI-85-97613,1 X 2 TEETH; 4 3/4 in (121 mm),9.60
18472,Phoenix Products,ADSON TISSUE FORCEP,TSI-85-661311,1x2 teeth; 4 3/4 in (121mm),7.89
18473,Phoenix Products,ADSON TISSUE FORCEP,TSI-85-661312,2 x 3 teeth; 1.8 mm tip; 4 3/4 in (121 mm),19.00
18469,Phoenix Products,"ADSON TISSUE FORCEP 1X2 SERRATED 4 3/4""",TSI-511-7668,,4.35
18474,Phoenix Products,"ADSON TISSUE FORCEPS 2 X 3 TEETH, 3MM TIP, 7""",TSI-85-661313,,24.35
18476,Phoenix Products,"ADSON-BROWN TISSUE FORCEPS, 1.7MM TIP, 5""",TSI-85-661314,,11.61
22121,Phoenix Products,ALEXANDER GOUGE,TSI-713-713511,6 mm; 7 in (180 mm),40.35
18482,Phoenix Products,"ALLIS CLASSIC DELICATE TISSUE FORCEPS, 5X6 TEETH, 5""",TSI-85-991111,,45.00
18489,Phoenix Products,ALLIS TISSUE FORCEPS 4 X 5 TEETH,TSI-87-12555,,9.35
18495,Phoenix Products,"ALLIS TISSUE FORCEPS 5X6 TEETH 10""",TSI-105-5779,,17.90
22555,Phoenix Products,"ALLIS TISSUE FORCEPS 6"" 4X5 TEETH TITANIUM",TSI-105-57610T,,368.52
18497,Phoenix Products,"ALLIS TISSUE FORCEPS 6"" 5X6 TEETH",TSI-105-57611,,11.29
18500,Phoenix Products,"ALLIS-ADAIR TISSUE FORCEPS 9X10 TEETH, 6""",TSI-85-91097,,38.10
18506,Phoenix Products,"ALM RETRACTOR 4X4 BLUNT 2 3/4""",TSI-79-65513,,24.08
22567,Phoenix Products,ANIS PHACO CHOPPER HOOK LEFT,TSI-K58-7888,,330.26
22568,Phoenix Products,ANIS PHACO CHOPPER HOOK RIGHT,TSI-K58-7887,,330.26
18518,Phoenix Products,ANKENEY STERNAL RETRACTOR CHILD,TSI-105-1351113,,550.78
18521,Phoenix Products,ARON OBTURATOR (STYLET) WIRE 3 FRENCH,TSI-117-7765S,,22.90
18526,Phoenix Products,"AUFRICHT RETRACTOR 45MM 7 1 /8""",TSI-1112-76810,,55.72
22658,Phoenix Products,"AUFRICHT RETRACTOR, W/ FIBER OPTIC LIGHT 45MM",TSI-1112-7689FO,,584.60
18541,Phoenix Products,BABCOCK TISSUE FORCEP,TSI-105-65611,Standard Pattern; 6 1/4 in (160 mm),29.00
18555,Phoenix Products,BACKHAUS TOWEL CLAMP,TSI-612-1010513,3 1/2 in (89 mm),8.60
18557,Phoenix Products,BACKHAUS TOWEL CLAMP,TSI-612-101068,5 1/4 in (133mm),9.30
18554,Phoenix Products,"BACKHAUS TOWEL CLAMP 5 1/4"" (133MM)",TSI-87-105510,,6.65
18558,Phoenix Products,BAILEY GIGLI SAW GUIDE CURVED,TSI-69-6576,,40.54
18570,Phoenix Products,BALFOUR ABDOMINAL RETRACTOR,TSI-105-91069,"Self-Retaining w/2 Center Baldes, Total Opening 7 in.",611.15
18594,Phoenix Products,BARNHILL ADENOID CUR 1,TSI-126-81167,,76.47
18595,Phoenix Products,BARNHILL ADENOID CUR 2,TSI-126-81169,,79.53
18596,Phoenix Products,BARNHILL ADENOID CUR 3,TSI-126-811611,,80.55
18606,Phoenix Products,"BARON SUCTION TUBE, 3 FRENCH, 5 1/8""",TSI-117-7765,,22.90
18607,Phoenix Products,"BARON SUCTION TUBE, 5 FRENCH, 5 1/8""",TSI-117-77610,,17.75
18609,Phoenix Products,"BARRAQUER EYE SPECULA, 10MM WIDE, CHILD FENESTRATED BLADE",TSI-115-6141112,,8.76
22589,Phoenix Products,BARRAQUER MICRO NEEDLE HOLDER W/ SCISSOR W/O CATCH,TSI-119-66614,"Jaw 0.5mm, Blade 6mm, Angled",930.54
22426,Phoenix Products,BAYONET KERRISON RONGEUR,TSI-61012-67147CC,"Ceramic Coated, 2 mm Pin Ejector Spurling Handle Panther",1687.84
18617,Phoenix Products,"BD CONV EJECTOR MICRO KERR 40 UP 3MM 8"", THIN FP",TSI-61013-8755CC,,779.38
18623,Phoenix Products,"BD CONV MICRO KERRISON RONG 40 UP,1MM,8"" THIN FP",TSI-61013-6755CC,,779.38
22498,Phoenix Products,"BD CONV MICRO KERRISON RONG 40 UP,4MM,8"" THIN FP",TSI-61013-9755CC,,779.38
22187,Phoenix Products,BELLUCCI ALLIGATOR SCISSOR,TSI-116-51265,"Straight, 7mm Blades, 3 in Shaft; 5 1/4 in (135 mm)",407.00
18640,Phoenix Products,BEYER BONE RONGEUR,TSI-108-6655,Curved; DoubleAction; 3 mm jaw; 7 1/8 in (180 mm),186.52
18642,Phoenix Products,BEYER BONE RONGEUR,TSI-86-6659,"D/A, Curved 4mm; 7 1/8 in ( 180 mm)",50.08
22188,Phoenix Products,BIOPSY FORCEP,TSI-118-101256,"DA, 2mm x 3mm Cups, 70 Degree Curved Up; 6 1/4 in (155 mm)",364.00
22705,Phoenix Products,BIPOLAR DISPOSABLE ELECTROSURGICAL CABLES (BLUE),TSI-CD-5A5B-6555-0 (S),,15.00
18652,Phoenix Products,"BISHOP HARMON TISSUE FORCEP 1X2 TEETH STANDARD 3 3/8""",TSI-115-61077,,40.32
18682,Phoenix Products,"BONE GRAFT IMPACTOR DOUBLE-ENDED 11MM AND 14MM ENDS, 222MM LONG",TSI-713-6555,,59.76
18695,Phoenix Products,BONNEY TISSUE FORCEP,TSI-511-1312146,1x2 teeth; 7 1/8 in (180 mm),18.30
18717,Phoenix Products,"BOOKWALTER MALLEBLE BLADE, 4 X 8",TSI-654551114,,208.89
18735,Phoenix Products,BOOKWALTER SUPER MALL1BLE BLADE WITH LIP SMALL 1.3MM BLADE THICKNESS,TSI-105-911127,,155.97
18781,Phoenix Products,BOOKWALTER® SUPER MALL1BLE BLADE WITH LIP MEDIUM 1.3MM BLADE THICKNESS,TSI-105-911128,,350.68
18797,Phoenix Products,BOOKWALTER-KELLY RETRACTOR BLADE MODIFIED,TSI-105-9101110,,216.70
18798,Phoenix Products,BOOKWATER 3.5 X 2.75 BALFOUR BLADE,TSI-67725612,,429.35
18800,Phoenix Products,BOSTON LYING-IN CERVICAL GRASPING FORCEP,TSI-85-1010125,9 in,18.35
18801,Phoenix Products,"BOWL, SPONGE, MEDIUM",TSI-87-88510,"30 oz., 5 9/16"" x 2 9/16""",35.97
18814,Phoenix Products,"BOZEMAN DRESSING FORCEP S-SHAPE 10 1/4""",TSI-614-136711,,18.75
18820,Phoenix Products,"BRAUN TENACULUM FORCEPS STRAIGHT 10""",TSI-107-99711,,46.94
18823,Phoenix Products,BREISKY VAGINAL RETRACTOR,TSI-107-71165,Curve-Sightly; 1 in x 6 11/16 in,150.74
22277,Phoenix Products,BROWN-ADSON TISSUE FORCEP,TSI-57-51057,"TC, 7x7 Teeth, Serrated; 4 3/4 in (121 mm)",50.00
22645,Phoenix Products,"BUCK EAR CURETTE, STRAIGHT, SHARP NO 2, 2.7MM",TSI-117-6667,,15.57
18855,Phoenix Products,"BUIE FISTULA PROBE SS 6 1/4""",TSI-105-14975,,16.00
18879,Phoenix Products,CASTANEDA MULTI-PURPOSE CLAMP 50 ANGLED JAW 30MM LONG,TSI-85-14556,,154.49
18888,Phoenix Products,"CASTRO NH STRAIGHT W/ LOCK. TUNGSTEN CARBIDE 5 1/2""",TSI-87-995,,222.50
18944,Phoenix Products,CASTROVIEJO NEEDLE HOLDER,TSI-811-6556,"TC, W/ Lock, Serrated, Straight; 8 1/2 in (216 mm)",296.75
22196,Phoenix Products,CASTROVIEJO NEEDLE HOLDER,TSI-87-9911,"TC, W/ Lock, Smooth, Curved; 5 1/2 in (140 mm)",137.40
22156,Phoenix Products,CASTROVIEJO SUTURE FORCEP,TSI-6115-912106,"Delicate, Wide Handle, 1x2 Teeth w/Tying Platform, .12 mm Teeth; 4 1/4 in (108 mm)",368.52
18894,Phoenix Products,"CASTROVIEJO SUTURE FORCEP .3MM TEETH STRAIGHT SHAFT 4 1/4""",TSI-115-61186,,172.00
18895,Phoenix Products,"CASTROVIEJO SUTURE FORCEP .5MM TEETH STRAIGHT SHAFT 4 1/4""",TSI-115-61187,,199.00
22570,Phoenix Products,"CASTROVIEJO SUTURE FORCEP 1 X 2 TEETH, 4 in",TSI-115-611814G,"1x2 Teeth, 0.3mm Teeth, 4in",220.52
21982,Phoenix Products,"CASTROVIEJO SUTURE FORCEPS WIDE HANDLE, DELICATE, 1/x2 TEETH W/TYING PLATFORM",TSI-6115-912108,.30 mm teeth; 4 1/4 in (108 mm),153.70
22699,Phoenix Products,"CERAMIC KAYE SCISSOR, TC CURVED, 7 1/2""",TSI-779.1212.1114,,560.92
22662,Phoenix Products,"CERAMIC METZENBAUM SCISSOR, SLIM TC CURVED, NELSON 9""",TSI-779.810.128,,418.90
22477,Phoenix Products,"CERAMIC METZENBAUM SCISSOR, TC CURVED, 7 1/8""",TSI-779.88.1113,,358.60
22663,Phoenix Products,"CERAMIC METZENBAUM SCISSOR, TC CURVED, NELSON 9""",TSI-779.88.128,,395.43
22149,Phoenix Products,CLAMP FOR BALFOUR FOURTH ATTACHMENT WITH WING NUT,TSI-79-105117C,,73.00
22073,Phoenix Products,CLAMP SURGICAL CAROTID,TSI-101-116914,Bulldog Gregory Serrated Angled Straight Adult; 4 1/2 in,435.00
18923,Phoenix Products,"CLASSIC DELICATE MIXTER FORCEPS, RIGHT ANGLE, 5 1/4""",TSI-85-991310,,12.50
18941,Phoenix Products,CLASSIC PLUS ADSON TISSUE FORCEPS,TSI-811-11555,,37.95
18945,Phoenix Products,CLASSIC PLUS CASTROVIEJO NEEDLE HOLDER LENGTH 144MM,TSI-811-6555,,105.10
18946,Phoenix Products,CLASSIC PLUS CASTROVIEJO NEEDLE HOLDER WITH CATCH,TSI-811-6557,,299.00
18949,Phoenix Products,CLASSIC PLUS CRILE-WOOD NEEDLE HOLDER,TSI-811-7556,,55.72
18953,Phoenix Products,CLASSIC PLUS CUSHING BAYONET TISSUE FORCEPS,TSI-811-115512,,53.72
18954,Phoenix Products,CLASSIC PLUS CUSHING TISSUE FORCEPS STRAIGHT,TSI-811-115510,,77.72
18955,Phoenix Products,CLASSIC PLUS DERF NEEDLE HOLDER,TSI-811-6565,,40.50
18958,Phoenix Products,CLASSIC PLUS H1NEY NEEDLE HOLDER,TSI-811-9565,,55.50
18960,Phoenix Products,CLASSIC PLUS HALSEY NEEDLE HOLDER SMOOTH,TSI-811-65611,,51.44
18964,Phoenix Products,CLASSIC PLUS MAYO SCISSORS CURVED,TSI-811-105117,,30.07
18975,Phoenix Products,CLASSIC PLUS METZENBAUM DELICATE SCISSORS CURVED BLUNT BLUNT,TSI-811-10588,,70.40
18981,Phoenix Products,CLASSIC PLUS METZENBAUM DELICATE SCISSORS STRAIGHT SHARP SHARP,TSI-811-10575,,68.57
18989,Phoenix Products,CLASSIC PLUS MICROVASCULAR NEEDLE HOLDER,TSI-811-8565,,82.54
18991,Phoenix Products,CLASSIC PLUS NELSON DELICATE SCISSORS CURVED,TSI-811-105126,,115.50
18992,Phoenix Products,CLASSIC PLUS NELSON SCISSORS CURVED,TSI-811-105125,,109.19
19005,Phoenix Products,CLASSIC PLUS RYDER NEEDLE HOLDER 1MM JAW,TSI-811-8569,,115.15
19015,Phoenix Products,CLASSIC PLUS® ADSON TISSUE FORCEPS,TSI-811-11555,,37.95
19018,Phoenix Products,CLASSIC PLUS® CASTROVIEJO NEEDLE HOLDER LENGTH 144MM,TSI-811-6555,,105.10
19026,Phoenix Products,CLASSIC PLUS® CUSHING BAYONET TISSUE FORCEPS,TSI-811-115512,,53.72
19027,Phoenix Products,CLASSIC PLUS® CUSHING TISSUE FORCEPS STRAIGHT,TSI-811-115510,,77.72
19028,Phoenix Products,CLASSIC PLUS® DERF NEEDLE HOLDER,TSI-811-6565,,40.50
19030,Phoenix Products,CLASSIC PLUS® H1NEY NEEDLE HOLDER,TSI-811-9565,,55.50
19087,Phoenix Products,"CLASSIC® DELICATE MOSQUITO FORCEPS CURVED, 4""",TSI-85-99127,,28.51
19088,Phoenix Products,"CLASSIC® DELICATE MOSQUITO FORCEPS CURVED, 5""",TSI-85-99129,,22.36
19097,Phoenix Products,CLASSIC® KERRISON THIN-FOOTPLATE CERVICAL RONGEUR 2MM 40º UP BITE INCLUDES DRAIN,TSI-108-61079,,525.00
19101,Phoenix Products,CLASSIC® KERRISON THIN-FOOTPLATE CERVICAL RONGEUR 3MM 40º UP BITE 178MM SHAFT,TSI-108-610610,,315.91
20989,Phoenix Products,COBB OSTEOTOME,TSI-911-7556,STRAIGHT 10MM; 11 in (280 mm),93.00
20990,Phoenix Products,COBB OSTEOTOME,TSI-911-7557,"Straight, 13MM; 11 in (280 mm)",93.00
19135,Phoenix Products,"COLLIN TONGUE SEIZING FORCEPS, 6 1/2""",TSI-85-9885,,44.94
19169,Phoenix Products,Converse Conjunctival Scissor,TSI-1112-101068,Angled On Flat; 4 1/4 in (108 mm),61.10
22448,Phoenix Products,CONVERSE CONJUNCTIVAL SCISSOR,TSI-115-613105,"ANGLED ON FLAT, 4 1/4""",75.30
22152,Phoenix Products,CONVERSE OSTEOTOME,TSI-1112-8665,10 mm Wide; 7 in (178 mm),24.20
19168,Phoenix Products,CONVERSE SKIN HOOK,TSI-118-58511,Sharp; 7 IN  (178 mm),35.41
19175,Phoenix Products,COOLEY ADULT RIB RETR ALU,TSI-109-7655,,498.00
19182,Phoenix Products,COOLEY BULLDOG CLAMP,TSI-1010-95911,Straight; 3 cm Jaw; 3 3/8 in (80 mm),498.00
19183,Phoenix Products,COOLEY BULLDOG CLAMP,TSI-1010-95910,Straight; 2.2 cm Jaw; 3 in (75 mm),498.00
19184,Phoenix Products,COOLEY BULLDOG CLAMP,TSI-1010-95105,Curved; 2.4 cm Jaw; 3 1/4 in (80 mm),498.00
22085,Phoenix Products,COOLEY BULLDOG CLAMP,TSI-61010-96912,Spring Action; Adj Tension; Straight; Jaw 4.7 cm; 3 3/38 in (85 mm),498.00
22086,Phoenix Products,COOLEY BULLDOG CLAMP,TSI-61010-95105,Curved; 2.4 cm Jaw; 3 1/4 in (80 mm),498.00
22087,Phoenix Products,COOLEY BULLDOG CLAMP,TSI-61010-95910,Straight; 2.2 cm Jaw; 3 in (75 mm),498.00
22088,Phoenix Products,COOLEY BULLDOG CLAMP,TSI-61010-910911,Straight; 3 cm Jaw; 3 3/8 in (80 mm),498.00
22560,Phoenix Products,"COOLEY VASCULAR SUCTION TUBE, 6mm Wide Tip, 11 1/2""",TSI-109-115614,,205.72
19221,Phoenix Products,"COTTLE SEPTUM ELEVATOR DOULE-ENDED WITH GRADUATIONS 8 1/2""",TSI-1112-61178,,50.85
19225,Phoenix Products,"COTTLE SKIN ELEVATOR, SHARP, 7 1/2""",TSI-1112-610105,,88.25
19239,Phoenix Products,CRILE FORCEP,TSI-89-9586,Curved; 5 1/2 in (140mm),15.85
19241,Phoenix Products,CRILE FORCEP,TSI-87-9586,Curved;  5 1/2 in (140MM),6.05
19243,Phoenix Products,CRILE FORCEP,TSI-88-9586,Curved; 5 1/2 in (140mm),15.85
19244,Phoenix Products,CRILE FORCEP,TSI-89-9585,Straight; 5 1/4 in (140mm),9.90
19245,Phoenix Products,CRILE FORCEP,TSI-87-9585,"Straight; 5 1/2"" (140MM)",6.05
19246,Phoenix Products,CRILE FORCEP,TSI-87-9595,Straight; 6 1/4 in (159mm),11.50
19242,Phoenix Products,"CRILE FORCEPS CURVED 6 1/4"" (159MM)",TSI-87-9596,,9.05
19250,Phoenix Products,CRILE RETRACTOR DOUBLE-ENDED,TSI-105-96510,,17.06
18950,Phoenix Products,CRILE WOOD NEEDLE HOLDER,TSI-811-7557,"TC, Serrated Jaws; 8 in (203 mm)",47.48
18947,Phoenix Products,CRILE WOOD NEEDLE HOLDER,TSI-811-75510,"TC, Serrated Jaws; 12 in (300 mm)",109.31
19254,Phoenix Products,"CRILE WOOD NEEDLE HOLDER 6""",TSI-87-985,,38.40
19258,Phoenix Products,"CRILE WOOD NEEDLE HOLDER, TC, SMOOTH JAWS",TSI-87-9810,6 in (152 mm),69.50
21983,Phoenix Products,CRILE-WOOD NEEDLE HOLDER,TSI-811-7555,"TC, Serrated, 6 in (152 mm)",51.43
22001,Phoenix Products,"CRILEWOOD NEEDLE HOLDER, SERRATED",TSI-665-75610,6 in (152 mm),20.40
19262,Phoenix Products,"CRILEWOOD NEEDLE HOLDER, SERRATED",TSI-65-75610,6 in,20.40
19289,Phoenix Products,"CUSHING BAYONET FORCEP SERRATED 7 3/4""",TSI-512-711614,,38.09
19292,Phoenix Products,"CUSHING DRESSING FORCEPS, SERRATED, 1.8MM TIP, 7 3/4""",TSI-85-66109,,17.27
19295,Phoenix Products,CUSHING GANGLION HOOK,TSI-813-6585,,26.70
19303,Phoenix Products,CUSHING INTERVERTEBRAL DISC RONGEUR STRAIGHT CUP SIZE 2MM X 10MM,TSI-108-6785,,219.00
19319,Phoenix Products,"CUSHING TISSUE FORCEPS SERRATED HANDLE, 1.5MM TIP, 7""",TSI-85-6695,,23.06
22124,Phoenix Products,CUSHING VEIN RETRACTOR,TSI-75-612106,Fenstrated Handle; 12 i n (305 mm),31.05
19339,Phoenix Products,"DAVIS BRAIN SPATULA, DOUBLE-ENDED, MALLEABLE, 10MM WIDTH, 7""",TSI-1014-65136,,12.10
22079,Phoenix Products,DAVIS MOUTH GAG,TSI-910-106711,Frame Only; Pediatric; Right; w/o blades,201.00
19349,Phoenix Products,"DAY 1R HOOK,SMALL, 2MM TIP, 6""",TSI-117-611106,,23.35
19353,Phoenix Products,"DBKY VASC FCP 2MM 6""",TSI-1010-75512,,18.31
21702,Phoenix Products,"DBKY VASC FCP 2MM 9 1/2"" NC",TSI-1010-75514,,140.60
22150,Phoenix Products,DEAVER RETRACTOR,TSI-78-1210510,"Flat Handle, Flexible, Curved End, 1 in wide x 13 in long",23.30
19361,Phoenix Products,"DEAVER RETRACTOR GRIP HANDLE 1"" X 12""",TSI-78-12766,,31.16
19363,Phoenix Products,DEAVER RETRACTOR NO 1 25MM WIDE X 305MM LONG,TSI-105-9858,,8.98
19366,Phoenix Products,DEAVER RETRACTOR NO 4 50MM WIDE X 305MM LONG,TSI-105-98512,,9.03
22421,Phoenix Products,DEAVER RETRACTOR NO 5 76MM WIDE X 305MM LONG,TSI-105-98513,,9.03
19378,Phoenix Products,DEBAKEY AORTIC ANEURYSM CLAMP JAW 130MM,TSI-812-6698,,120.60
19383,Phoenix Products,DEBAKEY BULLDOG CLAMP,TSI-812-6599,Cross Action; Curved; 2 cm Jaw; 3 in (75 mm),188.48
22089,Phoenix Products,DEBAKEY BULLDOG CLAMP,TSI-61010-95512,Cross Action; Curved; 2 cm Jaw; 3 in (75 mm),498.00
19388,Phoenix Products,DEBAKEY BULLDOG CLAMP CROSS ACTION STRAIGHT JAWS 30MM,TSI-812-6596,,71.57
19393,Phoenix Products,DEBAKEY BULLDOG CLAMP RING HANDLE ANGLED 90 STRAIGHT SHAFT 43MM JAW,TSI-812-65128,,140.22
19400,Phoenix Products,"DEBAKEY DIETRICH VASCULAR TISSUE FORCEPS, 1MM, 6''",TSI-1010-7559,,16.64
19403,Phoenix Products,"DEBAKEY DIETRICH VASCULAR TISSUE FORCEPS, 3MM, 9 1/2''",TSI-1010-7575,,43.93
19407,Phoenix Products,DEBAKEY MULTI-PURPOSE CLAMP 60 ANGLE JAW 100MM,TSI-812-66128,,181.03
19410,Phoenix Products,DEBAKEY MULTI-PURPOSE CLAMP 60º ANGLE JAW 100MM,TSI-812-66128,,181.03
19412,Phoenix Products,DEBAKEY MULTI-PURPOSE CLAMP JAW 30MM LONG 30 ANGLE,TSI-812-6875,,123.54
19429,Phoenix Products,DEBAKEY THORACIC TISSUE FORCEPS,TSI-812-6557,,32.99
19430,Phoenix Products,DEBAKEY THORACIC TISSUE FORCEPS,TSI-812-6558,"3 MM tips, 12""",53.34
22530,Phoenix Products,"DEBAKEY VASCULAR FORCEPS 2.7MM, 7 3/4"" NC",TSI-6511-109614,,91.01
19440,Phoenix Products,Debakey Vascular tissue Forcep,TSI-812-6566,"3 mm tip, 7 3/4 in (197mm)",45.00
19354,Phoenix Products,DEBAKEY VASCULAR TISSUE FORCEP,TSI-1010-75613,3 mm tip; 6 in (150mm),36.35
19355,Phoenix Products,Debakey Vascular Tissue Forcep,TSI-1010-75614,"3 mm tip, 7 3/4 in (197 mm)",44.50
19443,Phoenix Products,"DEBAKEY VASCULAR TISSUE FORCEP 2MM 7 3/4""",TSI-1010-75513,"2MM, 7 3/4 in (197 mm)",28.10
19439,Phoenix Products,DEBAKEY VASCULAR TISSUE FORCEPS,TSI-812-6565,,39.97
19441,Phoenix Products,DEBAKEY VASCULAR TISSUE FORCEPS,TSI-812-6567,,91.01
22554,Phoenix Products,"DEBAKEY VASCULAR TISSUE FORCEPS, TITANIUM",TSI-1010-75512T,"2mm tips, 6"" Titanium",516.52
19446,Phoenix Products,"DEBAKEY-DIETHRICH CORONARY FORCEPS, 7 3/4""",TSI-85-13687,,50.40
19449,Phoenix Products,"DEBAKEY-LIDDICOAT FORCEPS STRAIGHT FINE TIP 1 X 2 TEETH, 1.8MM TIP, 7 3/4""",TSI-85-13957,,351.00
19450,Phoenix Products,"DEBAKEY-LIDDICOAT FORCEPS STRAIGHT FINE TIP 1 X 2 TEETH, 1.8MM TIP, 9 1/2""",TSI-85-13959,,190.55
22461,Phoenix Products,"DELICATE METZENBAUM DISSECTING SCISSOR CURVED 10 1/4""",TSI-59-810711,,58.73
19465,Phoenix Products,"DELICATE METZENBAUM DISSECTING SCISSOR CURVED 5 3/4""",TSI-59-81069,,8.42
18928,Phoenix Products,"DELICATE RIGHT ANGLE CLAMP, 5 1/2""",TSI-85-99148,,44.67
19489,Phoenix Products,"DESMARRES LID RET SIZE 0, 11MM WIDE",TSI-115-6959,,33.87
19498,Phoenix Products,DIETHRICH BULLDOG CLAMP,TSI-614-135147,Straight; Serrated Jaw w/ 50 gram closing pressure; 8 mm Jaw,180.87
22090,Phoenix Products,DIETHRICH BULLDOG CLAMP,TSI-61010-9597,Straight; Serrated Jaw w/ 50 gram closing pressure; 8 mm Jaw,188.00
19493,Phoenix Products,"DIETHRICH BULLDOG CLAMP ANGLED, 1/2"" JAW, 1 3/4""",TSI-614-135145,,180.87
19494,Phoenix Products,"DIETHRICH BULLDOG CLAMP ANGLED, 1/2"" JAW, 1 7/8""",TSI-614-135146,,180.87
19497,Phoenix Products,"DIETHRICH BULLDOG CLAMP STRAIGHT, 3/4"" JAW, 2 1/16""",TSI-614-135149,,103.26
19505,Phoenix Products,DIETHRICH CORONARY ARTERY SCISSORS 67 ANGLE,TSI-109-135614,,53.55
19506,Phoenix Products,DIETHRICH CORONARY ARTERY SCISSORS 67º ANGLE,TSI-109-135614,,53.55
19512,Phoenix Products,"DIETRICH ART SCR 120DG 7""",TSI-1010-65510,,108.97
19522,Phoenix Products,DORSEY DURAL SEPARATOR,TSI-1110-6659,,37.40
19530,Phoenix Products,DOYEN TUMOR SCREW,TSI-107-10556,,74.87
19536,Phoenix Products,DRESSING FORCEP,TSI-511-5569,Standard pattern; Serrated handle and tip; 5 1/2 in (140mm),5.59
19538,Phoenix Products,"DRESSING FORCEP 6"" FINE SERRATED HANDLE",TSI-511-55610,,6.50
19540,Phoenix Products,"DRESSING FORCEP 8"" FINE SERRATED HANDLE",TSI-511-5575,,7.85
19545,Phoenix Products,"DRESSING FORCEPS SERRATED, 3MM TIP, 10""",TSI-85-96813,,16.40
22610,Phoenix Products,EASTMAN VAG RETR #3,TSI-107-7888,,32.23
19563,Phoenix Products,EDNA TOWEL CLAMP,TSI-87-105610,5 1/4 in (133 mm),6.35
19565,Phoenix Products,"EMESIS BASIN 12 OZ, 8 1/8"" X 3 5/8"" X 1 5/8""",TSI-1410-14567,,17.17
19581,Phoenix Products,EYE DRESSING FORCEPS CURVED,TSI-85-111079,,20.08
22429,Phoenix Products,"Fechtner Conjunctiva Forceps, flat 3 hole fenestrated handle",TSI-K510-61375,,368.52
19600,Phoenix Products,"FEILCHIN SPLINTER FORCEP 4 1/2""",TSI-512-13766,,7.42
22612,Phoenix Products,"FERGUSON-FRAZIER SUCTION TUBE, STRONG ANGLE",TSI-116-65714,"11 Fr, 3 3/4 in",19.85
19610,Phoenix Products,"FERRIS-SMITH TISSUE FORCEP 3.9MM TIP, 6 3/4""",TSI-85-6687,"2x3 Teeth, 3.9 mm Tip; 6 3/4 in",16.45
19612,Phoenix Products,FINE SCISSORS CURVED SHARP/SHARP 114MM,TSI-109-651211,,10.85
19618,Phoenix Products,"FINOCHIETTO NEEDLE HOLDER 10 3/4""",TSI-87-7137,,99.01
19634,Phoenix Products,FOERSTER SPONGE FORCEP,TSI-614-10579,"Straight, Serrated 9 1/2 in",13.85
19632,Phoenix Products,"FOERSTER SPONGE FORCEP STRAIGHT SERRATED 12""",TSI-614-105714,,51.15
19633,Phoenix Products,"FOERSTER SPONGE FORCEP STRAIGHT SERRATED 7""",TSI-614-105613,,15.30
19635,Phoenix Products,"FOERSTER SPONGE FORCEP STRAIGHT SMOOTH 9 1/2""",TSI-614-10779,,22.40
19639,Phoenix Products,FOMON RASP,TSI-118-51067,"Double-Ended, Coarse Teeth Flat & Convex Ends; 8 1/4 in (210 mm)",139.75
22431,Phoenix Products,"Forceps, Utrata Capsulorhexis, 4 1/4 in",TSI-115-69147,,516.52
22128,Phoenix Products,FRAZIER BRAIN CANNULA,TSI-1012-81457,2 mm Diameter; 4 in (100 mm),190.00
22129,Phoenix Products,FRAZIER BRAIN CANNULA,TSI-1012-81458,2.5 mm Diameter; 4 in (100 mm),117.00
22130,Phoenix Products,FRAZIER BRAIN CANNULA,TSI-1012-81459,3 mm Diameter; 4 in (100 mm),190.00
19644,Phoenix Products,FRAZIER DURAL HOOK,TSI-813-6595,,19.38
19652,Phoenix Products,"FRAZIER SUCTION TUBE 10 FRENCH MEDIUM ANGLE 4"" TL",TSI-514-13865,,16.00
19654,Phoenix Products,"FRAZIER SUCTION TUBE 11 FRENCH MEDIUM ANGLE 4"" TL",TSI-514-13866,,24.46
19657,Phoenix Products,"FRAZIER SUCTION TUBE 12 FRENCH MEDIUM ANGLE 4"" TL",TSI-514-13867,,17.20
19668,Phoenix Products,"FRAZIER SUCTION TUBE 9 FRENCH MEDIUM ANGLE 4"" TL",TSI-514-138514,,20.80
19674,Phoenix Products,FRAZIER SUCTION TUBE ANGULAR,TSI-125-651314,"11FR, 7 1/2 in",35.55
19673,Phoenix Products,"FRAZIER SUCTION TUBE ANGULAR, 11FR, 4 1/2""",TSI-125-65136,,32.65
19677,Phoenix Products,"FRAZIER SUCTION TUBE ANGULAR, 9FR, 4 1/2""",TSI-125-65135,,70.00
19678,Phoenix Products,"FRAZIER SUCTION TUBE ANGULAR, 9FR, 7 1/2""",TSI-125-651313,,26.99
22041,Phoenix Products,FREEMAN RAKE RETRACTOR,TSI-77-7556,"4 Sharp Prongs, 1 1/2 in wide, 7 in (178 mm)",34.00
19685,Phoenix Products,"FREER DOUBLE HOOK 2.5 MM WIDE, SHARP",TSI-75-10757,6 in (152 mm),20.15
19688,Phoenix Products,FREER ELEVATOR,TSI-1110-111175,"Double Ended, Sharp & Blunt Blades, 5 mm Wide; 7 1/2 in (190 mm)",16.89
19686,Phoenix Products,"FREER ELEVATOR, DOUBLE-ENDED, SHARP & BLUNT BLADES, 6.5 MM WIDE",TSI-1010-125712,7 1/2 in (190 mm),34.07
19693,Phoenix Products,FRIEDMAN RONGUER,TSI-85-5759,Curved; Delicate; Jaws 2 mm; 6 in wide,56.75
19696,Phoenix Products,GARDNER WELLS SKULL TONG,TSI-1111-65710,,172.24
19517,Phoenix Products,GARRETT VASCULAR DILATOR,TSI-76-135510,Holder; 8 1/4 in (210 mm),35.00
19705,Phoenix Products,"GARRETT VASCULAR DILATOR 2.0MM 5 1/2"" (140MM)",TSI-710-135813,,57.60
19719,Phoenix Products,GELPI PERIN1L RETRACTOR,TSI-105-6765,,54.35
21413,Phoenix Products,GELPI-SELTZER RETRACTOR,TSI-105-6766,90 Degree Bent Tips; 6 3/4 in (171 mm),61.10
22034,Phoenix Products,GEMINI ClAMP,TSI-109-1271012,Fully Curved; Delicate Jaws; 8 in (200 mm),36.35
19724,Phoenix Products,GEMINI CLAMP,TSI-109-1271014,Fully Curved; Delicate Jaws;11 in (320mm),31.35
19727,Phoenix Products,GEMINI CLAMP,TSI-109-1271013,Fully Curved; Delicate Jaws; 9 in (230 mm),25.99
19729,Phoenix Products,GEMINI CLAMP,TSI-614-1010135,Fully Curved; Delicate Jaws; 7 in (175mm),32.00
19731,Phoenix Products,"GEMINI CLAMP CURVED, 9""",TSI-614-1010137,,31.15
19732,Phoenix Products,"GEMINI DELICATE CLAMP 80 ANGLED, 7 1/4""",TSI-85-99147,,55.12
19733,Phoenix Products,"GEMINI DELICATE CLAMP 80º ANGLED, 7 1/4""",TSI-85-99147,,55.12
19737,Phoenix Products,"GERALD BAYONET FORCEP DELICATE 1X2 TEETH 7 1/2""",TSI-512-713914,,17.30
19745,Phoenix Products,"GERALD TISSUE FORCEPS, 1X2 TEETH, 1.3M TIP, 7""",TSI-85-6765,,14.75
19756,Phoenix Products,"GIGLI ROUND SAW, LARGE CUT, 20""",TSI-1210-6559,,65.58
19749,Phoenix Products,"GIGLI WIRE SAW, 20""",TSI-1210-6567,,20.25
19759,Phoenix Products,GILLIES NEEDLE HOLDER,TSI-87-9710,Curved; TC; Offset Design; Serrated Jaws; 6 1/4 in (159 mm),115.00
22443,Phoenix Products,"GLASSMAN FORCEPS, STRAIGHT 9 1/2 IN",TSI-105-8579,,149.04
22444,Phoenix Products,"GLASSMAN FORCEPS, STRAIGHT ATRAUMATIC 10 IN",TSI-105-87710,,149.04
22445,Phoenix Products,"GLASSMAN FORCEPS, STRAIGHT ATRAUMATIC 11 IN",TSI-105-85713,,149.04
22138,Phoenix Products,GOODHILL ALLIGATOR FORCEP,TSI-116-56811,"6 mm Finely Serrated Jaws, 3 in Shaft (75mm); 5 1/4 in (135 mm)",351.00
19786,Phoenix Products,"GRAVES MOD VAG SPEC 90DEG RIGHT SIDE OPEN MEDIUM 4""X1.5""",TSI-107-512115,,65.76
22246,Phoenix Products,GRAVES NONCONDUCTIVE SPECULUM,TSI-6107-551167NC,"One Smoke Tube, Large, 12 cm x 4 cm Blades",55.40
22459,Phoenix Products,GRAVES NONCONDUCTIVE SPECULUM,TSI-6107-51165NC,"One Smoke Tube, Medium, 10 cm x 4 cm Blades",66.39
22473,Phoenix Products,GRAVES NONCONDUCTIVE SPECULUM,TSI-6107-511613NC,"One Smoke Tube, XXL, 18 cm x 4.4 cm Blades",102.70
22613,Phoenix Products,GRAVES NONCONDUCTIVE SPECULUM,TSI-6107-511512NC,"One Smoke Tube, Small, 7.5 cm x 2 cm Blades",66.39
22181,Phoenix Products,GRAVES VAGINAL SPECULUM,TSI-107-511614ES,6 x 1.5 W/Smoke Tube & Ebonize,85.05
22238,Phoenix Products,GRAVES VAGINAL SPECULUM,TSI-107-51175,"XXL, 18 cm x 4.4 cm Blade",35.80
22623,Phoenix Products,"GRAVES VAGINAL SPECULUM INSULATED, LARGE, BLUE COATED",TSI-107-51167I,,66.39
22077,Phoenix Products,GREGORY CAROTID ANGLED BULLDOG CLAMP,TSI-1010-1110914,Jaw 6.4 cm; Distal Tip 1.2 cm; 45 degre angled-left; 4 5/8 in (115 mm),611.65
19843,Phoenix Products,"GROOVED DIRECTOR PROBE POINT 5 3/4""",TSI-514-61169,,0.92
19852,Phoenix Products,GRUENWALD BAYONET FORCEP,TSI-512-85611,Serrated Tips; 6 1/4 in (159 mm),9.70
22094,Phoenix Products,GUTHRIE HOOK,TSI-813-111085,Delicate; Sharp; Double Prong; 2mm wide; 4 3/4 in (121 mm),12.40
18959,Phoenix Products,HALSEY NEEDLE HOLDER,TSI-811-65610,"TC, Serrated; 5 in",41.35
19868,Phoenix Products,"HALSEY NEEDLE HOLDER 5 3/8"" SMOOTH JAW",TSI-65-6568,,14.07
19876,Phoenix Products,HALSTED MOSQUITO FORCEP,TSI-610-9967,"Straight, 5 in (127mm)",9.90
19883,Phoenix Products,HALSTED MOSQUITO FORCEP,TSI-87-9555,"Straight, 5 in (127mm)",6.05
22076,Phoenix Products,HALSTED MOSQUITO FORCEP,TSI-88-9566,Curved; 5 in (127 mm),15.84
19875,Phoenix Products,"HALSTED MOSQUITO FORCEP CURVED 5""",TSI-610-91067,,8.85
19879,Phoenix Products,"HALSTED MOSQUITO FORCEPS CURVED 5"" (127MM)",TSI-87-9556,,6.05
19904,Phoenix Products,HARDY LATERAL KNIFE HANDLE,TSI-135-6869,,183.85
19923,Phoenix Products,HARDY™ LATERAL KNIFE HANDLE,TSI-135-6869,,183.85
19952,Phoenix Products,HEANEY HYSTERECTOMY RETRACTOR 28MM WIDE X 85MM DEEP 168MM BLADE,TSI-105-10101112,,31.36
22657,Phoenix Products,"HEANEY NEEDLE HOLDER 12"" TC",TSI-687-7885,,101.97
19956,Phoenix Products,HEANEY-SIMON HYSTERECTOMY RETRACTOR,TSI-105-1010125,,35.80
19964,Phoenix Products,HEGAR NEEDLE HOLDER TUNGSTEN CARBIDE 5 1/2,TSI-87-6115,,41.60
19965,Phoenix Products,HEGAR UTERINE DIL (SET OF 8),TSI-107-81097,,204.74
19972,Phoenix Products,"HEGAR UTERINE DILATOR, SINGLE SIZES, 17/18MM, 8""",TSI-710-101088,,28.54
19988,Phoenix Products,HEISS ARTERY FORCEP,TSI-85-135611,"Delicate Pattern, Curved, 8 in (200 mm)",52.25
19997,Phoenix Products,HEPARIN FLUSHING NEEDLE,TSI-910-13557,3 mm Tip; 1 3/4 in (45 mm),14.40
20000,Phoenix Products,HEPARIN NEEDLE OLIVE TIP,TSI-109-11555,,37.70
22237,Phoenix Products,HERCULES-TYPE WIRE CUTTER,TSI-OL-11510-78,"Drill Wires Of Max 3.mm, Replacement TC Blades & Replacement Rubber Jaws; 9 in (230 mm)",1372.75
20037,Phoenix Products,HOHMANN RETRACTOR,TSI-1212-661112,"2 Finger Rings, 22 mm Wide; 11 in (280 mm)",61.40
20036,Phoenix Products,"HOHMANN RETRACTOR 18MM WIDE 9 1/2""",TSI-1212-66613,,42.36
22433,Phoenix Products,"Hook, Osher ""Y"", 4 3/4 in",TSI-115-68512,,205.72
22470,Phoenix Products,"HOOK, TRACHEAL, SINGLE-PRONG, SHARP, 6 1/4 IN",TSI-75-11956,,16.21
22574,Phoenix Products,"HORIZON OPEN LIGATING CLIP APPLIERS MEDIUM, CURVED 8""",TSI-78-125136,,436.60
22573,Phoenix Products,"HORIZON OPEN LIGATING CLIP APPLIERS SMALL/WIDE, CURVED 8""",TSI-68-125137,,436.60
20059,Phoenix Products,"HORTON ADSON TISSUE FORCEP 1X2 SERRATED TC 4 3/4""",TSI-87-1058,,24.10
22640,Phoenix Products,"HOUSE INCUDOSTAPEDIAL JOINT KNIFE, 0.75MM BLADE, ANGLED 60 DEG. 6 3/4""",TSI-116-581213,,132.67
21988,Phoenix Products,"HOUSE MINATURE FORCEP FINELY SERRA, X-DEL JAWS",TSI-6116-56912,"4 mm, 2 3/4 in (70 mm) shaft",180.00
20069,Phoenix Products,"HOUSE STRUT FORCEP, 6 mm SMOOTH JAW, SHAFT 3 in (75 mm)",TSI-116-56814,5 1/4 in (135 mm),180.00
22214,Phoenix Products,HULKA UTERINE TENACULUM,TSI-107-512910,3.5 mm Curved Probe Tip & Single Tooth; 11 1/4 in (286 mm),54.55
22078,Phoenix Products,"HYSTERECTOMY FORCEP, ZEP TYPE ATRAUMATIC",TSI-107-1414148,Straight Handle; Angled; 8 in (210 mm),147.00
22095,Phoenix Products,IN SITU VALVE SCISSOR,TSI-1010-145146,Blunt tips; One Serrated Blade; 7 in (175 mm),858.00
20101,Phoenix Products,"INSTRUMENT STRINGER WITH ROUND BAR 2 1/2 X 6""",TSI-106-55511,,23.55
20103,Phoenix Products,INTERVERTEBRAL DISC RONGEUR 6MM X 10MM CUP,TSI-108-6775,,233.14
20110,Phoenix Products,IODINE CUP,TSI-87-8866,6 OZ. (177ML),28.47
20111,Phoenix Products,IODINE CUP,TSI-1410-148511,6oz 3 7/16 X 2,8.14
22091,Phoenix Products,IODINE CUP,TSI-61410-14869,14oz; 4 3/8 in x 2 5/8 in,29.65
20112,Phoenix Products,"IRIS FORCEP SERRATED SLGHT CURVE 4""",TSI-511-8575,,9.60
20121,Phoenix Products,"IRIS SCISSOR CURVED STANDARD 4 1/8""",TSI-57-7665,,7.84
20125,Phoenix Products,"IRIS SCISSOR STRAIGHT STANDARD PATTERN 4 1/8""",TSI-57-7565,,8.96
20126,Phoenix Products,IRIS SCISSORS CURVED SHARP/SHARP,TSI-109-111058,,23.42
18422,Phoenix Products,"IRIS SCISSORS STANDARD PATTERN, CURVED",TSI-57-7666,4 1/2 in (114 mm),9.70
21980,Phoenix Products,"IRIS SCISSORS STANDARD PATTERN, STRAIGHT",TSI-57-7566,4 1/2 in (114 mm),8.79
22606,Phoenix Products,"IUD REMOVAL HOOK. DOUBLE HOOK, 10 1/4""",TSI-108-5111014,,29.02
22279,Phoenix Products,IVES-FANSLER ANOSCOPE,TSI-6105-1212126,"Plastic Obturator, 1 in Diameter; 3 3/38in (85 mm)",58.90
22469,Phoenix Products,"IVES-FANSLER ANOSCOPE, w/ PLASTIC OBTURATOR",TSI-105-1212126,"1"" diameter, 3 3/8"" (8.5 cm)",70.60
20140,Phoenix Products,"JACKSON TRACHEAL TENACULUM 5 3/4""",TSI-75-9569,,19.42
20146,Phoenix Products,"JACOBS UTERINE VALSELLUM FORCEPS 2 X 2 TEETH SHARP PRONGS, 8 1/4""",TSI-85-1011510,,53.74
22597,Phoenix Products,"JACOBSON MICRO ARTERY FORCEP SLIGHT CURVE 7 1/8""",TSI-611-961313,,61.05
22164,Phoenix Products,JACOBSON MICRO NEEDLE HOLDER W/ LOCK,TSI-1010-712712,"Fine TC dust, Use W/ 7-0, 8-0 Suture; 8 1/4 in (210 mm)",548.00
20163,Phoenix Products,JANSEN DRESSING FORCEPS,TSI-85-11141410,,20.83
22235,Phoenix Products,JANSEN SCALP RETRACTOR,TSI-79-6865,"45mm Spread, 3x3 Sharp Prongs; 4 in (100mm)",48.25
22081,Phoenix Products,JANSEN-MIDDLETON FORCEP,TSI-1111-7101111,Thru-Cutting; 3 mm x 13 mm; 7 1/2 (191 mm),255.00
20171,Phoenix Products,"JEFFERSON DURAL FORCEP 7"" (17.5CM) 1 X 2 TEETH",TSI-511-75610,,10.45
20187,Phoenix Products,JOSEPH DOUBLE PRONG HOOK,TSI-813-1111911,,12.45
20190,Phoenix Products,JOSEPH PERIOSTEAL ELEVATOR,TSI-711-9959,"Slightly Curved, Sharp, 4 mm Wide; 6 1/2 in (165 mm)",30.50
20194,Phoenix Products,"JOSEPH SKIN HOOK DOUBLE PRONG 10MM 6 1/4""",TSI-75-10565,,16.21
20195,Phoenix Products,"JOSEPH SKIN HOOK DOUBLE PRONG 2MM 6 1/4""",TSI-75-10557,,20.00
20197,Phoenix Products,"JOSEPH SKIN HOOK DOUBLE PRONG 7MM 6 1/4""",TSI-75-105512,,22.20
20198,Phoenix Products,JOSEPH SKIN HOOK SINGLE PRONG,TSI-75-10556,4mm; 6 1/4 in (159 mm),16.88
20199,Phoenix Products,"JUDD-ALLIS FCP 3X4 6""",TSI-105-5111110,,43.38
20207,Phoenix Products,KARLIN CERVICAL MICRO CURETTE BACKWARD ANGLED,TSI-911-861113,,168.94
20263,Phoenix Products,KARLIN CERVICAL MICRO CURETTE FORWARD ANGLED,TSI-911-861012,,200.00
20216,Phoenix Products,KARLIN CERVICAL MICRO CURETTE FORWARD STRAIGHT,TSI-911-86108,,168.94
20223,Phoenix Products,KARLIN CRANK FRAME SPINAL RETRACTOR RATCHET,TSI-911-86147,,232.95
20246,Phoenix Products,KARLIN SPINAL BLADE ULTRA TIP,TSI-911-861213,,133.00
20251,Phoenix Products,"KARLIN STILETTO OSTEOTOME STRAIGHT, 1/4 IN",TSI-911-85116,,182.75
20252,Phoenix Products,"KARLIN STILETTO OSTEOTOME STRAIGHT, 3/8 IN",TSI-911-85117,,182.75
20266,Phoenix Products,KARLIN STYLE CERVICAL CURETTE,TSI-911-86106,"Forward Straight, 0",168.94
20215,Phoenix Products,KARLIN STYLE CERVICAL CURETTE,TSI-911-86107,"Forward Straight, 00",168.94
20253,Phoenix Products,KARLIN XL MAGNUM COBB ELEVATOR,TSI-911-8798,,294.11
20323,Phoenix Products,"KARLIN™ STILETTO OSTEOTOME STRAIGHT, 3/8 IN",TSI-911-85117,,182.75
20327,Phoenix Products,KELLY ARTERY FORCEP,TSI-610-12669,Curved; 5 1/2 in (140mm),8.96
20329,Phoenix Products,"KELLY ARTERY FORCEP STRAIGHT 5 1/2""",TSI-610-12569,,6.66
20331,Phoenix Products,KELLY FORCEPS CURVED,TSI-87-9576,"5 1/2"" (140MM)",6.85
20363,Phoenix Products,KERRISON LUMBAR RONGEUR 3MM 40 UP BITE INCLUDES DRAINAGE HOLES,TSI-108-6969,,525.00
22598,Phoenix Products,"KERRISON MICRO LUMBAR RONGEUR 3MM 40 UP BITE, 10 """,TSI-1112-127125,,462.80
20374,Phoenix Products,KEVOURKIAN-YOUNGE BIO CUR W/BASK,TSI-107-125610,,48.25
20375,Phoenix Products,"KEVOURKIAN-YOUNGE ENDOCERVICAL BIOPSY, W/O BASKET 11 3/4"", 298MM",TSI-107-12565,,27.30
20380,Phoenix Products,"KEY ELEVATOR, 3/4"" BLADE WIDTH, 7 1/2""",TSI-1110-71068,,40.77
22521,Phoenix Products,"KLEINSASSER MICRO-LARYNGEAL SCISSORS, CURVED RIGHT",TSI-129-11585,"4mm Blades, 10 3/4 in",516.52
20399,Phoenix Products,"KNAPP DISSECTING SCISSOR STRAIGHT, 4""",TSI-57-9565,,66.76
20404,Phoenix Products,KNIFE HANDLE #3,TSI-56-71258,Standard; 5 in (127 mm),1.85
21644,Phoenix Products,KNIFE HANDLE #3,TSI-66-101085,Standard; 5 in (127 mm),3.15
20406,Phoenix Products,"KNIFE HANDLE #3, LONG",TSI-56-71268,8 3/8 in,20.00
21645,Phoenix Products,KNIFE HANDLE #4,TSI-66-101086,5 1/4 in (136 mm),3.80
20407,Phoenix Products,"KNIFE HANDLE #4 STANDARD, 5 1/4""",TSI-56-71359,,3.80
21646,Phoenix Products,KNIFE HANDLE #7,TSI-66-101089,6 1/4 in,3.23
20419,Phoenix Products,KNIFE HANDLE ROUND,TSI-56-8587L,"Knurled Round, Beaver Type, For Mini Blades (series 50, 60, 70); 6 in (152 mm)",10.45
20418,Phoenix Products,KNIFE HANDLE ROUND 3K,TSI-56-713105,"Knurled Handle, Beaver Type, For Mini Blades (series 50, 60, 70); 4 in (102 mm)",19.47
20424,Phoenix Products,KNOT PUSHER OPEN END 5MM,TSI-145-1051414,,211.43
20450,Phoenix Products,"LAHEY THYROID TENACULUM FORCEPS, 3X3 SHARP TEETH, 6 1/4""",TSI-85-951313,,27.36
20482,Phoenix Products,LANGENBECK RETRACTOR BLADE 213MM LONG X 13MM WIDE X 42MM DEEP,TSI-105-971011,,20.95
20485,Phoenix Products,LAPAROSCOPIC FAN LIVER RETRACTOR ADJUSTABLE 5MM BLADE,TSI-1113-610148,,1460.40
20488,Phoenix Products,LARYNGEAL MIRROR,TSI-128-91377,"Octagon Handle, Size 6; 8 in (203 mm)",19.00
20492,Phoenix Products,LEAD HAND ADULT MALLEABLE,TSI-87-8868,,88.30
20500,Phoenix Products,LEKSELL BONE RONGEUR,TSI-86-10658,"DA, Lightly curved, 3 mm Wide Jaws; 9 in (230 mm)",156.00
20496,Phoenix Products,"LEKSELL LAMINECTOMY RONGEUR DOUBLE ACTION WIDE JAW, 8MM BITE REGULAR CURVED",TSI-108-66710,,235.39
22247,Phoenix Products,LELAND JONES PERIPHERAL CLAMP,TSI-1010-115712,,315.10
20504,Phoenix Products,"LEMPERT BONE RONGEUR 2MM BITE CURVED 6 1/2"" (16CM) SHAFT",TSI-108-6657,,103.24
20505,Phoenix Products,LEMPERT BONE RONGEUR 3MM BITE STRAIGHT,TSI-108-66513,,103.24
20513,Phoenix Products,"LEMPERT RONGEUR 6.25"" CURVED, SLENDER PATTERN",TSI-85-121178,,101.97
22243,Phoenix Products,LEYLA BRAIN RETRACTOR ACCESSORY,TSI-1012-101498,Ball Joint Clamp For Mounting,3033.35
22244,Phoenix Products,LEYLA BRAIN RETRACTOR ACCESSORY,TSI-1012-101497,Coupling Head,2133.25
22245,Phoenix Products,LEYLA BRAIN RETRACTOR ACCESSORY,TSI-1012-101496,Rigid Holding Arm,1052.48
22134,Phoenix Products,LILLIE EAR HOOK,TSI-116-5579,1mm Ball Tip Angled 90 Degrees; 7 in (175 mm),14.00
20527,Phoenix Products,LISTER BANDAGE SCISSORS LARGE RING,TSI-109-96147,,35.29
20528,Phoenix Products,"LISTERILIZATION BANDAGE SCISSOR 5 1/2""",TSI-95-71069,,8.77
20531,Phoenix Products,LISTON BONE CUT FCP 7 1/2,TSI-88-75614,,95.24
20534,Phoenix Products,LISTON BONE FORCEPS STRAIGHT,TSI-85-6865,,126.37
20538,Phoenix Products,LITTAUER STITCH SCISSORS,TSI-109-95612,5 1/8 in (130 mm),10.25
20541,Phoenix Products,LOCKHART-MUMMERY PROBE,TSI-105-14989,Curved; Retrograde,29.65
22080,Phoenix Products,LOCKHART-MUMMERY PROBE,TSI-105-14986,Straight; 16 cm,31.40
20543,Phoenix Products,"LORNA TOWEL CLAMP 5 1/2""",TSI-612-101269,,13.85
20545,Phoenix Products,LOVE NERVE ROOT RETRACTOR 135,TSI-105-68612,,39.04
20546,Phoenix Products,LOVE NERVE ROOT RETRACTOR 135º,TSI-105-68612,,39.04
20554,Phoenix Products,"LOVE-GRUEN IVD RONGEUR STRAIGHT 6""",TSI-108-6755C,,185.90
20566,Phoenix Products,LUCAE EAR FORCEPS,TSI-85-11131413,,19.09
20571,Phoenix Products,MAGILL CATH FCP ADULT,TSI-910-121058,,19.77
20574,Phoenix Products,MAGILL ENDOTRACHEAL CATHETER INTRODUCING FORCEPS,TSI-85-9895,,35.83
20575,Phoenix Products,MAGNAFREE® ADSON TISSUE FORCEPS 1 X 2 TEETH,TSI-1110-7968T,4 3/4 in Titanium,288.60
20581,Phoenix Products,MALIS FORCEPS STRAIGHT BAYONET BLUNT TIP TIP WIDTH 0.75MM,TSI-135-61057,,408.00
20588,Phoenix Products,MALIS SCISSORS BAYONET CURVED UP FINE TIP,TSI-135-610710,,365.36
20589,Phoenix Products,MALIS SCISSORS BAYONET STRAIGHT FINE TIP,TSI-135-61079,,369.49
20612,Phoenix Products,MALLEABLE SUCTION TUBE 140MM WORKING LENGTH (FUKUSHIMA STYLE),TSI-1112-1213119,,78.46
22575,Phoenix Products,"MAUMENEE VITREOUS ASPIRATING NEEDLE, BLUNT TIP w/ markings 18 GAUGE",TSI-6115-66106,,629.37
20635,Phoenix Products,MAYO CLASSIC SCISSORS ROUND CURVED,TSI-89-951412,,12.68
20636,Phoenix Products,MAYO CLASSIC SCISSORS ROUND STRAIGHT,TSI-89-95147,,11.80
20640,Phoenix Products,"MAYO HEGAR NH LEFT HND 7""",TSI-87-685L,,38.40
20642,Phoenix Products,MAYO SCISSOR,TSI-58-106612,"Beveled, Curved, 6 3/4 in (171 mm)",6.50
18963,Phoenix Products,MAYO SCISSOR,TSI-811-105116,"TC, Beveled, Curved; 6 3/4in (171 mm)",37.95
20634,Phoenix Products,MAYO SCISSOR,TSI-89-99145,"Beveled, Straight 6 3/4 in (171 mm)",40.74
20643,Phoenix Products,"MAYO SCISSOR CURVED 9""",TSI-58-10678,,21.55
19039,Phoenix Products,MAYO SCISSORS,TSI-811-105106,"TC, Beveled, Straight 6 3/4 in (171 mm)",37.95
22670,Phoenix Products,"MAYO SCISSORS CURVED, BEVELED BLADES, 10""",TSI-58-106710,,40.79
20651,Phoenix Products,MAYO SCISSORS STRAIGHT,TSI-109-95145,,11.25
20652,Phoenix Products,"MAYO SCISSORS STRAIGHT 6 3/4""",TSI-58-105612,,17.05
22669,Phoenix Products,"MAYO SCISSORS STRAIGHT, BEVELED BLADES, 10""",TSI-58-105710,,28.24
18967,Phoenix Products,MAYO-CARROLL SCISSOR,TSI-811-105107,Straight; TC; Beveled; 9 in (230 mm),69.56
18968,Phoenix Products,MAYO-HEGAR NEEDLE HOLDER,TSI-811-75610,,39.65
18969,Phoenix Products,MAYO-HEGAR NEEDLE HOLDER,TSI-811-75611,"TC, Serrated; 6 in (152mm)",37.50
18971,Phoenix Products,MAYO-HEGAR NEEDLE HOLDER,TSI-811-75613,"TC, Serrated; 8 in (203mm)",49.75
18972,Phoenix Products,MAYO-HEGAR NEEDLE HOLDER,TSI-811-75614,,76.01
19041,Phoenix Products,MAYO-HEGAR NEEDLE HOLDER,TSI-811-75610,,39.65
19043,Phoenix Products,MAYO-HEGAR NEEDLE HOLDER,TSI-811-75612,"TC, Serrated; 7 in (178mm)",37.50
20670,Phoenix Products,MAYO-HEGAR NEEDLE HOLDER,TSI-87-675,"TC, Serrated; 6 in (152mm)",34.40
20671,Phoenix Products,MAYO-HEGAR NEEDLE HOLDER,TSI-87-685,"TC, Serrated; 7 in (178mm)",38.40
22145,Phoenix Products,MAYO-HEGAR NEEDLE HOLDER,TSI-65-651376,"Serrated Jaws, Stubby Jaws; 8 in (203 mm)",23.75
20666,Phoenix Products,"MAYO-HEGAR NEEDLE HOLDER 5 1/4""",TSI-65-61368,,11.93
20668,Phoenix Products,"MAYO-HEGAR NEEDLE HOLDER 7""",TSI-65-613613,,15.14
22531,Phoenix Products,"MAYO-HEGAR NEEDLE HOLDER 7"", STUBBY JAW",TSI-65-613614,,21.73
22449,Phoenix Products,"MAYO-HEGAR NEEDLE HOLDER, FENESTRATED JAWS 10 1/4""",TSI-65-613710,,38.07
22120,Phoenix Products,MAYO-NOBLE DISSECTING SCISSOR,TSI-109-951210,Straight; Beveled Blades; 6 3/4 in (171 mm),13.00
20678,Phoenix Products,"MAYO-STILLE DISSECTING SCISSOR CURVED 6"" 6 3/4""",TSI-58-1012612,,9.66
20691,Phoenix Products,MCCREA INFANT & FEMALE URETHRAL SOUND,TSI-106-1113713,28 FR; 7 in (178 mm),45.73
20689,Phoenix Products,MCCREA INFANT & FEMALE URETHRAL SOUND,TSI-106-111379,24 FR; 7 in (178 mm),42.91
22111,Phoenix Products,MCCREA INFANT & FEMALE URETHRAL SOUND,TSI-106-111387,32 FR; 7 in (178 mm),25.00
22112,Phoenix Products,MCCREA INFANT & FEMALE URETHRAL SOUND,TSI-106-111389,34 FR; 7 in (178 mm),25.90
22113,Phoenix Products,MCCREA INFANT & FEMALE URETHRAL SOUND,TSI-1061113811,36 FR; 7 in (178 mm),45.00
20692,Phoenix Products,MCCREA INFANT & URETHRAL SOUND,TSI-106-111385,30 FR; 7 in (178 mm),25.10
20688,Phoenix Products,MCCREA INFANT URETHRAL SOUND,TSI-106-111377,22 FR; 7 in (178 mm),43.42
20690,Phoenix Products,MCCREA INFANT URETHRAL SOUND,TSI-106-1113711,26 FR; 7 in (178 mm),42.91
20729,Phoenix Products,MCDOUGAL PROSTATE CLMP LEFT,TSI-106-1012510,,148.71
20746,Phoenix Products,MEDICINE CUP 2 OZ. (59ML),TSI-87-8865,,8.90
20747,Phoenix Products,"MEDICINE CUP 2OZ, 2 1/8 X 2",TSI-1410-14957,,8.35
21570,Phoenix Products,MEDICINE SPOON,TSI-107-6666,Small,5.99
21571,Phoenix Products,MEDICINE SPOON,TSI-107-6667,Soup Size,6.25
20759,Phoenix Products,METZENBAUM CLASSIC SCISSORS CURVED,TSI-89-65712,,589.00
18977,Phoenix Products,METZENBAUM DELICATE SCISSOR,TSI-811-10587,"Curved, TC, Sharp/Sharp Tips; 7 in (178 mm)",46.45
20761,Phoenix Products,METZENBAUM DELICATE SCISSORS CURVED,TSI-109-1010128,,42.31
20768,Phoenix Products,METZENBAUM DISSECTING SCISSOR,TSI-109-6575,Straight; 5 3/4 in (146 mm),15.30
22205,Phoenix Products,METZENBAUM DISSECTING SCISSOR,TSI-89-6576,"Curved, Standard Pattern; 5 3/4 in (146 mm)",10.85
20762,Phoenix Products,METZENBAUM DISSECTING SCISSORS CURVED,TSI-109-65712,,12.52
20765,Phoenix Products,METZENBAUM DISSECTING SCISSORS CURVED,TSI-109-65812,,38.60
22460,Phoenix Products,"METZENBAUM DISSECTING SCISSORS CURVED 8""",TSI-59-8875,,21.55
20769,Phoenix Products,METZENBAUM SCISSOR,TSI-87-1265,"Curved, TC, Regular Tip 5 3/4 in (146 mm)",66.65
22276,Phoenix Products,METZENBAUM SCISSOR,TSI-87-12106,"TC, Curved, Delicate Tip: 7 in (178 mm)",39.35
22126,Phoenix Products,METZENBAUM SCISSOR,TSI-87-1266,Curved; TC; Delicate Tip; 5 3/4 in (146 mm),44.80
22146,Phoenix Products,METZENBAUM SCISSOR,TSI-135-88613,"Curved, Supercut; 7 in (178 mm)",68.00
20771,Phoenix Products,"METZENBAUM SCISSOR CURVED STANDARD PATTERN 5 3/4""",TSI-59-8869,,9.70
20772,Phoenix Products,"METZENBAUM SCISSOR CURVED STANDARD PATTERN 7""",TSI-59-88613,,12.90
18985,Phoenix Products,METZENBAUM SCISSORS,TSI-811-105612,Curved; TC; Nelson; 9 in (229 mm),37.75
20789,Phoenix Products,MEYERDING RETRACTOR SKIN HOOK,TSI-105-991310,,18.36
20792,Phoenix Products,"MIC KER RONG 1M 40 UP 8"" 9MM OPEN-THIN FP",TSI-1012-512116,,392.20
20797,Phoenix Products,"MICRO ADSON FORCEP 1X2 TEETH, 4 3/4""",TSI-511-7867,,10.00
20806,Phoenix Products,"MICRO FORCEP 9MM WIDE FLAT HANDLE .3MM TIPS STRAIGHT, 5 1/4""",TSI-1213-551010,,57.33
20813,Phoenix Products,"MICRO KERR RONG 4MM 40 UP 9"", 9MM OPEN, THIN FP",TSI-1012-513149,,368.05
22397,Phoenix Products,MICRO KERRISON DETACHABLE RONGEUR,TSI-1014-86135,"40 DEG UP, 3 MM BITE, CERAMIC COATED",1108.52
22082,Phoenix Products,MICRO SCISSOR,TSI-1213-510610,Round Handle 10 mm; Curved Blade 14 mm,373.00
22050,Phoenix Products,MICRO SCISSOR,TSI-135-75610,Round Handle 8 mm; Straight Blade 14 mm,563.92
20827,Phoenix Products,MICRO SCISSORS CURVED TIP,TSI-135-75611,,662.09
20829,Phoenix Products,MICRO TISSUE FORCEPS 9.0 MM WIDE FLAT HANDLE,TSI-1213-551210,"Pierse Tips, Straight 5 in",84.21
22316,Phoenix Products,MICRO VASCULAR NEEDLE HOLDER,TSI-87-8107,"TC, Lightweight, Slender Jaws, Serrated; 9 in (228 mm)",83.90
20856,Phoenix Products,"MICROVASCULAR NDL HLDR 7""",TSI-87-877,,35.05
20857,Phoenix Products,"MICROVASCULAR NDL HLDR 8""",TSI-87-8712,,67.85
18990,Phoenix Products,MICROVASCULAR NEEDLE HOLDER,TSI-811-8566,"TC, 1 mm; 9 in",89.81
20860,Phoenix Products,"MINI-LAMBOTTE OSTEOTOME STRAIGHT 10MM, 5 1/8""",TSI-712-101265,,11.72
20891,Phoenix Products,MURPHY RETRACTOR 4 PRONG BLUNT,TSI-105-1351213,,31.35
22534,Phoenix Products,"NAIL NIPPER, STRAIGHT, TAPERED JAWS, DOUBLE SPRING 4""",TSI-98-121375,,37.65
21648,Phoenix Products,"NEEDLE HOLDER MICROVASCULAR, TC",TSI-87-986,6 in (152 mm),67.85
22510,Phoenix Products,"NEEDLE, HOUSE ROSEN TYPE, STRONG CURVE",TSI-116-581111,"Semi-Sharp, 6 1/2 IN",106.40
20912,Phoenix Products,NEIVERT OSTEOTOME,TSI-118-5676,"Straight, Single Guarded, 5 mm Wide; 8 in (203 mm)",50.85
20914,Phoenix Products,"NELSON METZENBAUM DISSECTING SCISSOR CURVED 10 1/4""",TSI-59-88711,,22.13
22163,Phoenix Products,NUCLEUS KNIFE,TSI-98-95126,2 mm Wide; 5 in (127 mm),19.60
22646,Phoenix Products,"O'BRIEN STITCH SCISSOR, ANGLED, SHARP, 3 3/4""",TSI-69-512514,,31.15
22605,Phoenix Products,OLSEN BAYONNET BIPOLAR FORCEP,TSI-65-6966I,"Insulated, Straight, Smooth, 8.25 in, 1.5 mm Tip",799.20
22202,Phoenix Products,OLSEN BAYONNET BIPOLAR FORCEP,TSI-65-69136I,"Insulated, Straight, Smooth 10.5 in, 1.0 mm Tip",589.00
20943,Phoenix Products,OLSEN HEGAR NEEDLE HOLDER TUNGSTEN CARBIDE 5 1/2,TSI-87-6115,,55.72
22367,Phoenix Products,OLSEN MIDAS TOUCH ADSON BIPOLAR FORCEP,TSI-658-5559,"Insulated, Straight, Smooth; 5 in (127 mm)",605.00
19062,Phoenix Products,OLSEN-HEGAR NEEDLE HOLDER,TSI-811-9555,,44.80
20956,Phoenix Products,OPERATING SCISSOR,TSI-109-95714,"Straigth, Sharp, Blunt: 5 3/4 in (146 mm)",6.65
22578,Phoenix Products,"OPERATING SCISSOR CURVED, SHARP/BLUNT 5""",TSI-58-51268,,12.58
20948,Phoenix Products,"OPERATING SCISSOR STRAIGHT SHARP/BLUNT, 5 3/4""",TSI-58-51169,,9.55
20954,Phoenix Products,OPERATING SCISSORS STRAIGHT BLUNT BLUNT,TSI-109-9589,6 1/2 in,8.63
20614,Phoenix Products,ORTHOPEDIC MALLET-2 LB,TSI-712-5956,1 1/2 in Head; 7 1/2 in (190 mm),65.40
22408,Phoenix Products,OSHER SUTERING FORCEP,TSI-E610119,"1/x2 Elschnig Teeth, .12 mm, 5.5 mm Tying Platform, Serrated Flat Handle, 109 mm Length",422.00
22627,Phoenix Products,"OSTEOTOME, LAMBOTTE, STRAIGHT, 9 IN",TSI-713-14995,,41.19
22114,Phoenix Products,OVERHOLT-GEISSENDOERFER DISSECTING & LIGATURE FORCEP,TSI-611-1110614,Partially Serrated Jaws; 7 1/2 in (190 mm),27.60
22556,Phoenix Products,"PARKER RETRACTOR, LANDENBACK TITANIUM",TSI-77-6975T,(SET of 2) 21CM,1252.46
21016,Phoenix Products,PARSONNET EPICARD RETR SHRP PRONGS 3X3 LRG,TSI-1010-1012107,,73.46
21023,Phoenix Products,PEDERSON VAGINAL SPECULUM,TSI-107-51067R,"1 in x 4 3/4 in, Right Side Open",30.04
21025,Phoenix Products,PEDERSON VAGINAL SPECULUM BLADES 22MM WIDE X 89MM DEEP,TSI-1214-101076,,22.61
22179,Phoenix Products,PEDERSON VAGINAL SPECULUM W/SMOKE,TSI-107-51067ES,Large,85.05
22180,Phoenix Products,PEDERSON VAGINAL SPECULUM W/SMOKE,TSI-107-71065ES,Medium,61.10
22178,Phoenix Products,PEDERSON VAGINAL SPECULUM W/SMOKE TUBE,TSI-107-510512ES,Small,85.05
22439,Phoenix Products,"PEDERSON VAGINAL SPECULUM X-LRG W/ SMK TB, INSULATED",TSI-107-510614SI,,66.95
21037,Phoenix Products,PENFIELD DISSECTOR NO 1,TSI-1110-65610,,33.68
22132,Phoenix Products,PENNINGTON TISSUE GRASPING FORCEP,TSI-612-8975,12 mm Wide Jaws; 8 in (203 mm),20.65
22133,Phoenix Products,PHANEUF UTERINE ARTERY FORCEP,TSI-85-1010814,Curved; 8 1/4 in (210 mm),27.25
22122,Phoenix Products,PHANEUF UTERINE ARTERY FORCEP,TSI-611-13576,Straight; 8 1/4 in (210 mm),26.75
21053,Phoenix Products,"PLASTIC HAND RETRACTOR 4 PRONG BLUNT 6 3/4""",TSI-75-11659,,40.32
21981,Phoenix Products,"PLASTIC SURGERY SCISSOR SUPERCUT, SHARP TIP",TSI-6757-51267,4 3/4 in (121 mm),230.00
21058,Phoenix Products,POOL SUCTION TUBE,TSI-125-9556,Straight,44.70
21057,Phoenix Products,POOL SUCTION TUBE CURVED,TSI-125-9555,,81.99
21062,Phoenix Products,"POOLE SUCTION TUBE 30 FRENCH STRAIGHT 8 3/4""",TSI-514-131285,,40.00
21071,Phoenix Products,POTTS-SMITH DRESSING FORCEP,TSI-511-91175,"Serrated, 8 1/4 in (210 mm)",25.41
21074,Phoenix Products,"POTTS-SMITH FORCEP 1X2 TEETH, 10""",TSI-511-913710,,32.00
21084,Phoenix Products,POTTS-SMITH TISSUE FORCEP,TSI-85-13579,"1x2 teeth, Serrrated, 8 1/4 (210 mm)",14.25
21096,Phoenix Products,PREPARED SNARE WIRE NO 7 SNARE WIRES FOR SINGLE USE ONLY,TSI-127-1110610,,12.35
21097,Phoenix Products,PREPARED SNARE WIRE NO 8,TSI-127-1110611,,12.15
21098,Phoenix Products,PRESBYTERIAN HOSPITAL ELEVATOR CURVED,TSI-1110-65511,,70.76
21102,Phoenix Products,PRESERVE* INST LUBE CONC,TSI-98-6588,,165.14
21104,Phoenix Products,PRIBRAM SUCTION TUBE 18 GAUGE,TSI-125-6685,,42.87
21105,Phoenix Products,"PROBE STAINLESS STEEL DOUBLE/ENDED 6""",TSI-514-510610,,10.88
21107,Phoenix Products,"PROBE WITH EYE STAINLESS STEEL 10""",TSI-514-66710,,2.24
21110,Phoenix Products,"PROBE WITH EYE STAINLESS STEEL 6""",TSI-514-66610,,6.55
21113,Phoenix Products,"PROBE WITH EYE, 4 1/2""",TSI-914-9585,,5.15
21114,Phoenix Products,"PROBE WITH EYE, 5 1/2""",TSI-914-9587,,5.17
21116,Phoenix Products,"PROBE WITH EYE, 6""",TSI-914-9588,,9.77
21119,Phoenix Products,PROVIDENCE HOSPITAL FORCEP,TSI-610-10569,Straight; 5 1/2 in (140 mm),9.80
22488,Phoenix Products,"PUSHER LESTER LENS, HOURGLASS TIP, 4 1/2 IN",TSI-115-66711,,188.70
22039,Phoenix Products,Ragnell (Kilner) Scissor,TSI-659-10868,"Curved, 5 1/8 in (130mm)",22.00
21125,Phoenix Products,RAGNELL RETRACTOR DOUBLE ENDED,TSI-105-711513,,10.70
21128,Phoenix Products,"RANDALL KIDNEY FORCEPS QUARTER CURVED, 9 1/4""",TSI-85-91065,,103.40
21132,Phoenix Products,RAY PIT CURETTE 45' 3MM,TSI-1012-91358,,58.32
21133,Phoenix Products,RAY PIT CURETTE 45' 5MM,TSI-1012-913510,,58.32
21134,Phoenix Products,RAY PIT CURETTE 90' 3MM,TSI-1012-913610,,58.32
21135,Phoenix Products,RAY PIT CURETTE 90' 3MM,TSI-1012-91368,,58.32
21142,Phoenix Products,"RAZOR METZ SCR DEL CVD 7""",TSI-135-810613,,88.40
22544,Phoenix Products,"RETRACTOR, O'Connor-O'Sullivan Abdominal",TSI-79-131055,"Standard pattern, Set: frame w/ 2 rotatable blades",313.76
22048,Phoenix Products,REYNOLD VASCULAR CLAMP,TSI-812-68711,Debakey Teeth; 85 Degree Angle; Large Jaws; 6 3/4 in (175 mm),560.00
21162,Phoenix Products,"REYNOLDS DISS SCISSOR TENOTOMY TIP CURVED 4 3/4""",TSI-59-111267,,15.75
21163,Phoenix Products,"REYNOLDS DISSECTING SCISSOR, TENOTOMY TIP, CURVED, 6 1/4""",TSI-59-1112611,,15.09
22402,Phoenix Products,RHOTON ATRAUMATIC SUCTION TUBE,TSI-1013-118612,"Straight Tip, Angled Tube, 7 French; 4 in (100mm)",161.32
22393,Phoenix Products,"RHOTON ATRAUMATIC SUCTION TUBE, STRAIGHT TIP, ANGLED, 5 FR., 4"" (10.0 CM)",TSI-1013-118610,,161.32
21169,Phoenix Products,RHOTON FORCEPS BAYONET FINE TIP TIP WIDTH 0.5MM,TSI-135-61257,,424.94
21170,Phoenix Products,RHOTON FORCEPS BAYONET REGULAR TIP TIP WIDTH 1MM,TSI-135-61258,,1295.00
21171,Phoenix Products,RHOTON FORCEPS STRAIGHT FINE TIP TIP WIDTH 0.7MM,TSI-135-61256,,1295.00
21180,Phoenix Products,RHOTON MICRO CUP FORCEPS ALLIGATOR ACTION STRAIGHT TIP WIDTH 1MM,TSI-108-95510,,300.70
21192,Phoenix Products,RHOTON ROUND DISSECTOR NO 3 STRAIGHT SHARP TIP WIDTH 3.3MM,TSI-135-611137,,75.29
21193,Phoenix Products,RHOTON SCISSORS BAYONET CURVED TIP MATERIAL TITANIUM,TSI-135-612910,,464.68
21200,Phoenix Products,RHOTON SPATULA DISSECTOR,TSI-135-6111311,"Straight Shaft, 7 1/2 in (190 mm)",170.00
21216,Phoenix Products,RIBBON RETRACTOR,TSI-77-57107,Malleable; 1 in wide; 13 in (330 mm),27.65
21215,Phoenix Products,"RIBBON RETRACTOR 1 1/4"" X 13""",TSI-77-57108,,10.75
21217,Phoenix Products,"RIBBON RETRACTOR 1"" X 8""",TSI-77-55710,,8.43
21218,Phoenix Products,"RIBBON RETRACTOR 1/2"" X 8""",TSI-77-5567,,8.95
21219,Phoenix Products,"RIBBON RETRACTOR 1/4"" X 8""",TSI-77-55511,,10.75
21227,Phoenix Products,RICHARDSON APPENDECTOMY RETRACTOR RING HANDLED,TSI-105-9686,,70.59
22151,Phoenix Products,RICHARDSON RETRACTOR,TSI-105-9679C,"Grip Handle, 1 in Wide x 1 1/4 in Deep; 9 1/2 in (240 mm)",36.00
21250,Phoenix Products,"ROCHESTER OSCHNER FORCEP 1X2 CURVED 6 1/4""",TSI-611-68611,,11.81
21254,Phoenix Products,ROCHESTER OSCHNER FORCEP 1X2 STRAIGHT,TSI-611-67611,6 1/4 in,12.72
21257,Phoenix Products,"ROCHESTER OSCHNER FORCEP 1X2 STRAIGHT 8""",TSI-611-6775,,18.88
21267,Phoenix Products,ROCHESTER-OCHSNER FORCEP,TSI-87-9665,"Straight, 6 1/4 IN (159 mm)",9.05
21275,Phoenix Products,ROCHESTER-OCHSNER FORCEP,TSI-89-9665,"Straight, 6 1/4 IN (159 mm)",14.50
21284,Phoenix Products,ROCHESTER-PEAN FORCEP,TSI-87-95126,Curved; 6 1/4 in (159mm),8.75
21305,Phoenix Products,ROCHESTER-PEAN FORCEP,TSI-611-6675,Curved; 8 in (203 mm),17.47
21291,Phoenix Products,"ROCHESTER-PEAN FORCEPS STRAIGHT 7 1/4"" (184MM)",TSI-87-95135,,11.26
21295,Phoenix Products,"ROCHESTER-PEAN HEMOSTATIC FORCEP CURVED 6 1/4""",TSI-611-66611,,10.50
21301,Phoenix Products,"ROCHESTER-PEAN HEMOSTATIC FORCEP STRAIGHT 6 1/4""",TSI-611-65611,,11.93
21312,Phoenix Products,ROGERS-TYPE HYSTERECTOMY FORCEP,TSI-812-61055,"2x3 Atraumatic Teeth, Sarot-Style Shanks, 1 1/2 in Jaw Length, Slight Curve; 8 3/4 in ( 220mm)",137.40
21313,Phoenix Products,ROGERS-TYPE HYSTERECTOMY FORCEP,TSI-812-61058,"2x3 Atraumatic Teeth, Sarot-Styly Shanks, 1 3/4 Jaw Length, Slight Curve; 10 in (254 mm)",171.75
22467,Phoenix Products,"RONGEUR, FRIEDMAN MICRO STRAIGHT, VERY DELICATE  1.5 MM JAW",TSI-85-5756,"1.5 mm, 5 1/2 in",101.97
22466,Phoenix Products,"RONGEUR, FRIEDMAN STRAIGHT, DELICATE 2.0 MM",TSI-85-5758,,101.97
22234,Phoenix Products,ROTATING BACKBITING ANTRUM PUNCH,TSI-118-121175,Adult; 2.5mm x 7mm,734.55
21325,Phoenix Products,"ROUX RETRACTOR 1"" X 1 1/2"" X 6"" LONG",TSI-77-611610,,19.05
21329,Phoenix Products,RUBIN DORSAL OSTEOTOME,TSI-118-56513,14 mm Wide; 7 in (178 mm),72.00
21334,Phoenix Products,RUMEL OBTURATOR CHILD,TSI-1010-1091414,,38.52
22702,Phoenix Products,"RUMEL THORACIC FORCEPS, SLIGHT CURVE, 9""",TSI-611-1112115,,38.63
22140,Phoenix Products,RUMEL TOURNIQUET & OBTURATOR,TSI-1112-13556,Adult-Obturator Only; 12 in (315 mm),27.75
21338,Phoenix Products,RUSK RONGEUR,TSI-86-511510,Straight; 5 mm; 7 1/8 in,74.77
21339,Phoenix Products,RUSKIN BONE CUTTING FORCEPS STRAIGHT,TSI-85-67145,,230.39
21345,Phoenix Products,"RUSKIN BONE RONGEUR CURVED 5.0 MM 7 1/8""",TSI-86-512510,,70.33
22127,Phoenix Products,RUSKIN RONGEUR,TSI-86-51156,Straight; Double Action; 5 mm Wide Jaw; 7 1/4 in (184 mm),200.00
21352,Phoenix Products,"RUSSIAN TISSUE FORCEP 8""",TSI-512-61075,,23.30
21363,Phoenix Products,S HOOK,TSI-1111-65712,,34.95
21368,Phoenix Products,"SAROT INTRA-THORACIC FORCEPS, 9""",TSI-85-1351014,,37.56
21371,Phoenix Products,SATINSKY VENA CAVA CLAMP LARGE INSIDE JAW 50MM LONG 13MM DEEP,TSI-812-6755,,358.74
21372,Phoenix Products,SATINSKY VENA CAVA CLAMP MEDIUM INSIDE JAW 40MM LONG 9MM DEEP,TSI-812-6756,,348.35
21390,Phoenix Products,"SCHNIDT HEMOSTATIC FORCEPS HALF CURVE, 7 1/4""",TSI-85-97146,,21.89
21979,Phoenix Products,SCHROEDER EPISIOTOMY SCISSORS,TSI-6108-8775,"Heavy, Straight, Sharp/Blunt; 8 1/4 in (210mm)",42.00
21392,Phoenix Products,SCHROEDER TENACULUM FCPS,TSI-107-99710,,13.87
21393,Phoenix Products,"SCHROEDER UTERINE TENACULUM FORCEPS, 1X1 TEETH, 8 3/4""",TSI-85-1010135,,27.97
22571,Phoenix Products,SCISSORS RECTAL AESCULAP L10 3/4 IN CRVD LLOYD DAVIES,TSI-BC55-51176R,,320.51
22432,Phoenix Products,"Scissors, Vannas Capsulotomy, Straight, 6 mm Blades, 3 3/8 in",TSI-115-61389,,244.20
21408,Phoenix Products,SCOVILLE RUPTURED DISC CURETTE LATERAL,TSI-78-6556,,164.71
21427,Phoenix Products,SENN RETRACTOR,TSI-75-510513,"Sharp, Double-Ended,6 1/4 in (162 mm)",8.15
21425,Phoenix Products,SENN RETRACTOR BLUNT DOUBLE-ENDED,TSI-75-510514,6 1/4 in (162 mm),6.14
22558,Phoenix Products,"SENN RETRACTOR DOUBLE-ENDED, BLUNT TITANIUM",TSI-75-510514T,6 1/4 IN,1028.60
22557,Phoenix Products,"SENN RETRACTOR DOUBLE-ENDED, SHARP TITANIUM",TSI-75-510513T,6 1/4 IN,1028.60
22236,Phoenix Products,SENNING BULLDOG CLAMP,TSI-1010-95109,"Very Light, Adjustable Tension, Cooley Jaws, #2 Medium Strong Tension",573.10
22650,Phoenix Products,"SERREFINE FORCEPS, STRAIGHT, 1 1/2""",TSI-115-75711,,51.44
21901,Phoenix Products,SIDE WIRE/PIN CUTTER,TSI-87-6713,"TC, D/A, Angled Jaws 3/32 in (25 mm); 8 1/2 in (216 mm)",266.71
21987,Phoenix Products,"SIDE WIRE/PIN CUTTER, SIDE CUTTING TC JAW",TSI-687-6613,7 in (178mm),235.00
21467,Phoenix Products,SIMS UTERINE CURETTE,TSI-78-101089,Sharp; #1 Malleable; 11 in (280 mm),51.97
21472,Phoenix Products,SIMS UTERINE CURETTE,TSI-78-101098,Sharp; #3; Rigid; 11 in (280 mm),16.95
21468,Phoenix Products,SIMS UTERINE CURETTE SHARP NO 1 ONE PIECE CONSTRUCTION,TSI-78-101096,,16.95
21473,Phoenix Products,SIMS UTERINE CURETTE SHARP NO 4 MALL1BLE SHAFT TIP,TSI-78-1010812,,51.97
21482,Phoenix Products,SIMS UTERINE SOUND,TSI-107-9556,"Malleable, Silver Plated, Graduated in cm; 13 in (330 mm)",28.32
21485,Phoenix Products,SIMS VAGINAL RETRACTOR,TSI-107-7557,"D/E, Size 2 Blades 1in x 3 in Deep & 1 1/4 in x 3 1/4 in Deep; 6 1/4 in (160 mm)",42.86
21490,Phoenix Products,SLUDER JANSEN/SCHINK RETRACTOR 50MM SPR1D,TSI-127-510610,,154.55
22644,Phoenix Products,"SMITH SAGITTAL SPLIT SEPARATOR, LEFT",TSI-56-5997,,314.72
22643,Phoenix Products,"SMITH SAGITTAL SPLIT SEPARATOR, RIGHT",TSI-56-5996,,314.72
21510,Phoenix Products,"SMITH-PETERSON OSTEOTOME CURVED 1/2"" (12MM) 8""",TSI-713-126117,,42.17
21519,Phoenix Products,SNARE PREPARED SNARE WIRE NO 9 SNARE WIRES FOR SINGLE USE ONLY,TSI-127-1110612,,4.57
21521,Phoenix Products,SOFIELD RETRACTOR D/E 6.3 X 1.3CM AND 3.8 X 1.3CM,TSI-77-610106,,63.61
21526,Phoenix Products,"SPENCER NEEDLE HOLDER 0.76MM TC JAW INSERTS WITH LOCK 7 1/4""",TSI-87-61310,,584.60
22047,Phoenix Products,SPENCER STITCH SCISSOR,TSI-109-97510,Straight; Regular pattern; 4 1/8 in (105 mm),12.45
21528,Phoenix Products,SPINAL CURETTE NO 0 ANGULAR TIP,TSI-78-65108,,52.70
21530,Phoenix Products,SPINAL CURETTE NO 00 ANGULAR TIP,TSI-78-65107,,52.70
21532,Phoenix Products,SPINAL CURETTE NO 000 ANGULAR TIP,TSI-78-65106,,52.70
21542,Phoenix Products,SPINAL FUSION CURETTE NO 1 ANGULAR,TSI-78-65109,,40.66
21543,Phoenix Products,SPINAL FUSION CURETTE NO 2 ANGULAR,TSI-78-651010,,44.32
21559,Phoenix Products,"SPLINTER FORCEP STRAIGHT 3 1/2""",TSI-512-135514,,5.48
21565,Phoenix Products,"SPONGE FORCEPS SERRATED STRAIGHT 9 1/2"" (241MM)",TSI-87-11585,"Straight, Serrated 9 1/2 in (241 mm)",10.65
22407,Phoenix Products,ST. MARKS (LLOYD-DAVIS) PELVIS RETRACTOR W/ LIP,TSI-105-14579,"45.0/60.0 X 130.0 mm Blade, 11 3/4"" (30.0 cm)",123.94
19009,Phoenix Products,STERNAL NEEDLE HOLDER,TSI-811-75710,,83.00
22206,Phoenix Products,STEVENS SCISSOR-CERAMIC,TSI-6779-1112118,"TC Blades w/ 1 Micro Serrated Blade, Curved; 5 1/8 in (130 mm)",681.50
22278,Phoenix Products,STEVENS TENOTOMY SCISSOR,TSI-1310-7557,"Supercut, Blunt, Curved; 4 1/2 in (114mm)",99.55
22030,Phoenix Products,STEVENS TENOTOMY SCISSOR,TSI-57-10666,"Curved, Blunt 5 1/2 in(140mm)",10.52
21604,Phoenix Products,STEVENS TENOTOMY SCISSOR,TSI-57-10678,"Curved, Blunt 6 1/2 in (165mm)",34.00
21608,Phoenix Products,STEVENS TENOTOMY SCISSOR,TSI-109-111076,"Curved, Blunt 4 1/8 in (105 mm)",25.45
21609,Phoenix Products,STEVENS TENOTOMY SCISSOR,TSI-109-111078,"Curved, Blunt 4 1/2 in (114 mm)",39.17
21607,Phoenix Products,"STEVENS TENOTOMY SCISSOR, STRAIGHT, BLUNT",TSI-57-10567,4 in (114 mm),25.00
21671,Phoenix Products,STEVENS TENOTOMY SCISSORS,TSI-57-10558,"Curved, Sharp; 4 1/2 in (114 mm)",25.40
21612,Phoenix Products,"STEVENS TENOTOMY SCISSORS, CURVED, BLUNT",TSI-115-613511,4 1/2 in (114 mm),13.35
21621,Phoenix Products,STILLE-LUER LAMINECTOMY RONGEUR STRAIGHT BITE SIZE 10MM,TSI-108-6685,,183.20
22072,Phoenix Products,SWISS JEWELER STYLE FORCEP,TSI-85-1112610,Style 5; Extra-Fine; Tappered Points; Straight; 4 3/8 in (111 mm),20.45
21658,Phoenix Products,"TAYLOR PERCUSSION HAMMER 7 1/2""",TSI-99-512105,,2.69
21662,Phoenix Products,"TEALE UTERINE VULSELLUM FORCEPS CURVED SIDEWAYS 4X5 TEETH SHARP PRONGS, 10 1/8""",TSI-85-1011610,,44.52
21663,Phoenix Products,TEBBETTS-STYLE SPECULUM,TSI-1112-5797,"Thin Blades, Ergonomically Designed Handle; 6 in (150 mm)",155.00
21666,Phoenix Products,"TEFLON CUTTING BLOCK, 1 1/2"" X 3""",TSI-116-5111414,,94.55
21674,Phoenix Products,THOMAS UTERINE CURETTE BLUNT MALL1BLE SHAFT NO 3,TSI-78-101057,,39.84
21675,Phoenix Products,THOMAS UTERINE CURETTE BLUNT MALL1BLE SHAFT NO 6,TSI-78-1010510,,39.84
21677,Phoenix Products,THORACIC FORCEP,TSI-85-135137,Delicately Curved; 9 1/4 in (235 mm),46.68
22123,Phoenix Products,TISCHLER BIOPSY FORCEP,TSI-107-11101011,Standard; 3 mm x 7 mm Bite; 10 in (254 mm),195.50
22572,Phoenix Products,"TISCHLER BIOPSY FORCEPS, 3.0 MM X 7.0MM, STANDARD STYLE 8""",TSI-107-10975,,233.75
21682,Phoenix Products,"TISCHLER BIOPSY PUNCH, 10"" SHAFT, 3 X 7 MM BITE",TSI-107-11101010,,370.92
18550,Phoenix Products,TISCHLER-BABY FORCEP,TSI-107-1110105,"Standard, 2mm x 4mm bite; 10 in (254 mm)",360.24
21686,Phoenix Products,TISSUE FORCEP,TSI-511-51069,"Standard Pattern, Serrated Handle, 1x2 teeth, 5 1/2 in (140 mm)",14.00
21687,Phoenix Products,TISSUE FORCEP,TSI-511-510610,Standard Pattern; Serrated Handle; 1x2 teeth; 6 in (152 mm),6.50
21683,Phoenix Products,"TISSUE FORCEP STANDARD PATTERN 1X2 TEETH, 10""",TSI-511-510710,,11.58
21689,Phoenix Products,"TISSUE FORCEP STANDARD PATTERN 1X2 TEETH, 8""",TSI-511-51075,,5.92
21692,Phoenix Products,"TISSUE FORCEPS 1 X 2 TEETH, 2.3MM TIP, 5 1/2""",TSI-85-96107,,7.08
21694,Phoenix Products,"TISSUE FORCEPS 1 X 2 TEETH, 2.3MM TIP, 6""",TSI-85-96108,,7.00
21696,Phoenix Products,"TISSUE FORCEPS 1 X 2 TEETH, 3MM TIP, 8""",TSI-85-961010,,10.78
21698,Phoenix Products,"TITANIUM BULLDOG ARTERY CLAMP STRAIGHT, JAWS 3.0CM",TSI-610-5986,,227.55
22139,Phoenix Products,TOBEY EAR FORCEP,TSI-116-5668,Very Delicate 2 mm x 4 mm Jaws; 5 1/2 in (140 mm),99.65
21716,Phoenix Products,TROUSSEAU TRACHEAL DILATOR ADULT,TSI-710-9555,,45.50
21717,Phoenix Products,TROUSSEAU TRACHEAL DILATOR CHILD,TSI-710-10101114,,56.13
21728,Phoenix Products,"TUTTLE (SINGLEY) TISSUE FORCEP 7 1/8""",TSI-512-61085,,76.87
21733,Phoenix Products,U.S. ARMY RETRACTOR,TSI-105-95126,"(Set Of Two),Double-Ended; 8 1/4 in (210 mm)",23.30
18714,Phoenix Products,UNIVERSAL RING MALLEABLE RETRACTOR,TSI-105-910116,2 in x 6 in (51 mm x 152 mm),186.75
18709,Phoenix Products,UNIVERSAL RING RETACTOR,TSI-105-910109,Post Coupling; 1 in Diamter,800.35
18713,Phoenix Products,UNIVERSAL RING RETRACTOR,TSI-105-9101112,"Malleable Retractor Blade, 3 in x 6 in",186.75
18583,Phoenix Products,UNIVERSAL RING RETRACTOR,TSI-105-9101211,"Balfour Blade, 2 5/8 x 3 in",216.65
18715,Phoenix Products,UNIVERSAL RING RETRACTOR,TSI-105-910117,"Malleable Retractor Blade, 1 1/2 in x 6 in",187.70
18736,Phoenix Products,UNIVERSAL RING RETRACTOR,TSI-105-910136,"Vertical Table Clamp/Post, 1 in Diameter; 12 in (305 mm)",833.80
18728,Phoenix Products,UNIVERSAL RING RETRACTOR,TSI-105-910138,"Oval Segmented Ring, Medium, Inner Diameter 10 1/2 x 19 1/2",726.43
18703,Phoenix Products,UNIVERSAL RING RETRACTOR,TSI-105-9101111,"Harrington Blade, 1 in x 5 5/8 in x 2 1/2 in Distal",179.56
18704,Phoenix Products,UNIVERSAL RING RETRACTOR,TSI-105-910107,"Horizontal Solid Bar, 1 in Diameter; 14 1/14 in (365 mm)",859.45
18705,Phoenix Products,UNIVERSAL RING RETRACTOR,TSI-105-910137,"Horizontal Flex Bar, 1 in Diameter; Universal Joint; 360 Degree Rotation",874.92
20338,Phoenix Products,UNIVERSAL RING RETRACTOR,TSI-105-9101113,"Kelly Blade, 2 in x 3 in",216.70
20339,Phoenix Products,UNIVERSAL RING RETRACTOR,TSI-105-910125,"Kelly Blade, 2 in x 5 in",215.50
20340,Phoenix Products,UNIVERSAL RING RETRACTOR,TSI-105-910126,"Kelly Blade, 2 in x 6 in",135.70
20341,Phoenix Products,UNIVERSAL RING RETRACTOR,TSI-105-9101114,"Kelly Blade, 2 in x 4 in",21.50
18719,Phoenix Products,UNIVERSAL RING RETRACTOR OVAL RING,TSI-105-9101012,"Medium, Inner Diameter 10 1/2 in x 14 1/2 in (267 mm x 368 mm)",386.07
18768,Phoenix Products,UNIVERSAL RING RETRACTOR STANDARD BLADE CLAMP,TSI-105-9101214,Ratchet Mechanism,212.35
18739,Phoenix Products,UNIVERSAL RING RETRACTOR TILTING BLADE CLAMP,TSI-105-910135,Ratchet Mechanism,340.00
21757,Phoenix Products,"VAN BUREN (GUYON) CATHETER GUIDE 4FR STRAIGHT 15 3/4""",TSI-106-121065,,18.42
22677,Phoenix Products,"VAN BUREN (GUYON) CATHETER GUIDE 6FR CURVED 14 1/2""",TSI-106-121085,,18.42
21772,Phoenix Products,"VAN BUREN URETHRAL SOUND 8 FRENCH CURVED 10 3/4""",TSI-106-118513,,24.04
21783,Phoenix Products,"VERRES NEEDLE 7"" 2MM",TSI-145-1051012,,86.00
21788,Phoenix Products,VIENNA NASAL SPECULUM LARGE,TSI-1214-11111212,,78.59
21789,Phoenix Products,VIENNA NASAL SPECULUM MEDIUM,TSI-1214-11111211,,72.00
21795,Phoenix Products,"VOLKMAN RETRACTOR 4 PRONG BLUNT 8 3/4""",TSI-77-81059,,14.61
21807,Phoenix Products,"VORSE TUBING CLAMP 7 1/4""",TSI-612-127139,,18.20
22647,Phoenix Products,"WALKER IRIS SCISSOR, CURVED TO SIDE, 4 1/2""",TSI-657-76135,,16.21
21825,Phoenix Products,"WAUGH TISSUE FORCEP 1 X 2 TEETH, 6"" POINTED END",TSI-511-98610,,6.47
19478,Phoenix Products,"WEBSTER (DERF) NEEDLE HOLDER, TC",TSI-87-955,4 3/4 in (121 mm),70.00
21828,Phoenix Products,"WEBSTER NEEDLE HOLD LARGE RING HDL 4 3/4""",TSI-87-9510,,51.44
21829,Phoenix Products,"WEBSTER NEEDLE HOLDER SMOOTH JAWS, 4 3/4""",TSI-65-6567,,14.07
22517,Phoenix Products,"WEBSTER NEEDLE HOLDER, SMOOTH JAWS, DELICATE 5""",TSI-65-6569,,15.14
22242,Phoenix Products,WEISMAN-GRAVES VAGINAL SPECULUM,TSI-6107-512145,"XL (Clinton), Right Opening, 15 cm x 4 cm Blade",35.80
22239,Phoenix Products,WEISMAN-GRAVES VAGINAL SPECULUM,TSI-6107-512014,"Small, Right Opening, 7.5 cm x 1.9 cm Blade",20.95
22240,Phoenix Products,WEISMAN-GRAVES VAGINAL SPECULUM,TSI-6107-512115,"Medium, Right Opening, 10 cm x 4 cm Blade",26.00
22241,Phoenix Products,WEISMAN-PEDERSON VAGINAL SPECULUM,TSI-6107-511125,"Large, Right Opening, 11.5 cm x 2.5 cm Blade",24.20
21020,Phoenix Products,WEISMAN-PEDERSON VAGINAL SPECULUM,TSI-107-510513,Right Opening,84.21
21843,Phoenix Products,WEITLANER RETRACTOR,TSI-105-1011911,2x3; Sharp Prongs; 4 1/4 in (108 mm),37.55
21842,Phoenix Products,WEITLANER RETRACTOR 2 X 3 BLUNT PRONGS,TSI-105-1011912,,76.02
21847,Phoenix Products,"WEITLANER RETRACTOR 3X4 BLUNT 9""",TSI-79-77710,,57.33
21853,Phoenix Products,WEITLANER RETRACTOR BLUNT,TSI-105-661412,,46.50
21857,Phoenix Products,WEITLANER RETRACTOR SHARP,TSI-105-661411,,98.83
21861,Phoenix Products,"WEITLANER RETRACTOR SHARP 2X3 4 1/2""",TSI-79-7765,,29.51
21865,Phoenix Products,"WEITLANER-BECKMANN RETRACTOR 3X4 BLUNT 9.5""",TSI-79-8579,,95.73
21866,Phoenix Products,"WEITLANER-BECKMANN RETRACTOR 3X4 SHARP 5.5""",TSI-79-8568,,78.64
21874,Phoenix Products,"WESTCOTT TENOTOMY SCISSOR RIGHT HANDED 4 1/2""",TSI-115-6121412,,259.00
21883,Phoenix Products,"WILLAUER-ALLIS THORACIC TISSUE FORCEPS, 8MM TIP, 10""",TSI-85-1351310,,27.00
21894,Phoenix Products,"WILLIAMS SPLINTER FORCEPS, 5 1/2""",TSI-85-911513,,21.55
21898,Phoenix Products,WIRE CUTTER,TSI-1011-71065,,231.52
21639,Phoenix Products,WIRE CUTTING SCISSOR,TSI-109-9665,"Angled To One Side, 1 Serrated Blade; 4 3/4 in (121 mm)",12.45
21912,Phoenix Products,"WOODSON ELEVATOR DOUBLE ENDED 7 1/8""",TSI-1012-810610,,31.38
21914,Phoenix Products,WOODSON SEPARATOR-PACKER,TSI-1110-66810,"4.0 mm, 7 1/2""",37.65
21922,Phoenix Products,"YANKAUER SUCTION TUBE 10 1/4""",TSI-514-131055,"Standard Patter, Removeable Tip; 10 1/4 in (260 mm)",22.60
21937,Phoenix Products,ZAUFAL-JANSEN BONE RONGEUR 4MM BITE CURVED 180MM SHAFT,TSI-108-651410,,160.00
